module,got_page,max_field_offset,size_lower_bound,field_offsets,functions
main,0x000002379000,0,8,1,37
main,0x000002400000,72,80,1,4
main,0x000002401000,128,136,1,3
main,0x000002425000,0,8,1,7
main,0x000002441000,72,80,1,21
main,0x000002496000,2048,2056,23,9193
main,0x000002497000,0,8,1,224
main,0x000002498000,16,24,3,1469
main,0x000002499000,48,56,4,779
main,0x00000249a000,0,8,1,157
main,0x00000249b000,128,136,6,1479
main,0x00000249c000,160,168,5,2432
main,0x00000249d000,128,136,5,1660
main,0x00000249e000,16,24,2,686
main,0x00000249f000,72,80,5,897
main,0x0000024a0000,40,48,4,9
main,0x0000024a1000,72,80,2,604
main,0x0000024a2000,0,8,1,376
main,0x0000024a3000,0,8,1,527
main,0x0000024a4000,0,8,1,671
main,0x0000024a5000,0,8,1,544
main,0x0000024a6000,0,8,1,237
main,0x0000024a8000,0,8,1,340
main,0x0000024a9000,0,8,1,367
main,0x0000024aa000,0,8,1,436
main,0x0000024ab000,0,8,1,305
main,0x0000024ac000,0,8,1,464
main,0x0000024ad000,0,8,1,235
main,0x0000024ae000,0,8,1,308
main,0x0000024af000,0,8,1,222
main,0x0000024b0000,16,24,2,365
main,0x0000024b1000,0,8,1,283
main,0x0000024b2000,0,8,1,403
main,0x0000024b3000,16,24,3,303
main,0x0000024b4000,0,8,1,545
main,0x0000024b5000,0,8,1,194
main,0x0000024b6000,0,8,1,127
