0x0000000000000000,sub_0,28,_ZN4rtld5sub_0Ev!
0x000000000000001c,sub_1c,20,_ZN4rtld6sub_1cEv!
0x0000000000000030,_start,32,_ZN4rtld6_startEv!
0x0000000000000050,sub_50,20,_ZN4rtld6sub_50Ev!
0x0000000000000064,sub_64,56,_ZN4rtld6sub_64Ev!
0x000000000000009c,sub_9c,20,_ZN4rtld6sub_9cEv!
0x00000000000000b0,sub_b0,28,_ZN4rtld6sub_b0Ev!
0x00000000000000cc,sub_cc,528,_ZN4rtld6sub_ccEv!
0x00000000000002e0,sub_2e0,340,_ZN4rtld7sub_2e0Ev!
0x0000000000000440,nn_ro_detail_g_pRoDebugFlag,720,_ZN6gflib327nn_ro_detail_g_pRoDebugFlagEv!
0x0000000000000710,sub_710,240,_ZN4rtld7sub_710Ev!
0x0000000000000800,sub_800,4,_ZN4rtld7sub_800Ev!
0x0000000000000810,sub_810,236,_ZN4rtld7sub_810Ev!
0x0000000000000900,sub_900,156,_ZN4rtld7sub_900Ev!
0x00000000000009a0,sub_9a0,712,_ZN4rtld7sub_9a0Ev!
0x0000000000000c70,rtld_Unresolved_symbol,448,_ZN4rtld22rtld_Unresolved_symbolEv!
0x0000000000000e30,sub_e30,376,_ZN4rtld7sub_e30Ev!
0x0000000000000fb0,rtld_warning_unresolved_symbol,1788,_ZN4rtld30rtld_warning_unresolved_symbolEv!
0x00000000000016ac,sub_16ac,28,_ZN4rtld8sub_16acEv!
0x00000000000016d0,sub_16d0,20,_ZN4rtld8sub_16d0Ev!
0x00000000000016e4,sub_16e4,24,_ZN4rtld8sub_16e4Ev!
0x00000000000016fc,sub_16fc,8,_ZN4rtld8sub_16fcEv!
0x0000000000001704,sub_1704,8,_ZN4rtld8sub_1704Ev!
0x000000000000170c,sub_170c,8,_ZN4rtld8sub_170cEv!
0x0000000000001740,sub_1740,204,_ZN4rtld8sub_1740Ev!
0x0000000000001810,sub_1810,312,_ZN4rtld8sub_1810Ev!
0x0000000000001948,sub_1948,152,_ZN4rtld8sub_1948Ev!
0x00000000000019e0,sub_19e0,32,_ZN4rtld8sub_19e0Ev!
