module,slot,refs,widths,functions
main,0x000000520000,1,[4],1
main,0x00000052f000,25,"[1, 4, 8]",1
main,0x000000530000,40,"[1, 4, 8]",2
main,0x000000594000,1,[8],1
main,0x0000005ea000,5,[8],1
main,0x0000006bb000,3,[8],1
main,0x0000006f6000,1,[1],1
main,0x0000007a6000,7,"[4, 8]",1
main,0x0000008e6000,1,[8],1
main,0x0000008e8000,1,[8],1
main,0x000000919000,1,[8],1
main,0x00000092a000,1,[8],1
main,0x00000092c000,2,[8],1
main,0x00000096f000,6,"[1, 8]",2
main,0x000000987000,3,[8],3
main,0x0000009a4000,1,[8],1
main,0x000000a65000,1,[8],1
main,0x000000a69000,1,[8],1
main,0x000000a6b000,1,[8],1
main,0x000000b0e000,1,[8],1
main,0x000000b26000,1,[4],1
main,0x000000ba0000,2,[4],1
main,0x000000bb5000,1,[8],1
main,0x000000bbd000,2,[8],2
main,0x000000bbf000,2,[8],2
main,0x000000bc0000,1,[8],1
main,0x000000c0a000,2,[8],1
main,0x000000c6e000,8,[8],8
main,0x000000c6f000,1,[8],1
main,0x000000c7e000,3,[8],1
main,0x000000c7f000,1,[8],1
main,0x000000ccf000,9,"[2, 4]",1
main,0x000000cdc000,1,[1],1
main,0x000000d4a000,1,[1],1
main,0x000000d82000,2,"[4, 8]",1
main,0x000000d89000,1,[4],1
main,0x000000df7000,90,"[1, 8]",3
main,0x000000e6f000,3,[8],1
main,0x000000e86000,1,[8],1
main,0x000000f35000,1,[8],1
main,0x000000f5c000,4,"[2, 4, 8]",1
main,0x000000f80000,4,"[1, 8]",2
main,0x000000f85000,2,"[1, 8]",1
main,0x000000f90000,1,[8],1
main,0x000000fa8000,17,"[1, 2, 4, 8]",2
main,0x000000faa000,2,"[1, 4]",2
main,0x000000fae000,24,"[1, 2, 4, 8]",3
main,0x000000fb1000,2,"[1, 4]",2
main,0x000001130000,1,[8],1
main,0x00000113d000,3,[2],1
main,0x00000113e000,1,[8],1
main,0x00000118f000,21,[8],1
main,0x000001191000,1,[8],1
main,0x00000119b000,1,[8],1
main,0x0000011e2000,1,[8],1
main,0x00000120d000,4,"[4, 8]",2
main,0x00000120f000,1,[2],1
main,0x00000121e000,3,[8],1
main,0x000001220000,3,[8],1
main,0x00000122b000,9,[8],1
main,0x000001234000,3,[8],1
main,0x000001243000,8,"[2, 8]",1
main,0x000001253000,2,[8],1
main,0x000001266000,1,[8],1
main,0x000001271000,2,[8],1
main,0x000001295000,5,[8],1
main,0x0000012a2000,1,[8],1
main,0x0000012aa000,5,"[1, 8]",1
main,0x0000012ad000,1,[8],1
main,0x0000012c6000,1,[8],1
main,0x0000012c7000,1,[8],1
main,0x0000012d5000,1,[4],1
main,0x0000012ea000,1,[4],1
main,0x0000012ee000,1,[8],1
main,0x00000132b000,1,[8],1
main,0x000001330000,2,"[1, 4]",1
main,0x000001334000,7,"[1, 4, 8]",2
main,0x000001339000,2,[4],1
main,0x000001340000,1,[8],1
main,0x000001417000,1,[8],1
main,0x000001433000,1,[8],1
main,0x000001460000,1,[8],1
main,0x000001516000,2,[8],1
main,0x000001518000,2,[8],1
main,0x000001755000,2,[4],1
main,0x000001760000,1,[8],1
main,0x000001763000,1,[1],1
main,0x000001aa1000,212,"[1, 2, 4, 8]",74
main,0x000001aa2000,34,"[1, 4, 8]",26
main,0x000001aa3000,37,"[1, 8]",30
main,0x000001aa4000,20,"[1, 8]",18
main,0x000001aa5000,77,"[4, 8]",36
main,0x000001aa6000,14,"[4, 8]",8
main,0x000001aa7000,10,[8],10
main,0x000001aa8000,16,[8],14
main,0x000001aa9000,56,"[4, 8]",20
main,0x000001aaa000,47,"[2, 4, 8]",26
main,0x000001aab000,8,[8],8
main,0x000001aac000,37,"[4, 8]",21
main,0x000001aad000,38,"[1, 8]",11
main,0x000001aae000,9,"[1, 8]",6
main,0x000001aaf000,32,"[1, 8]",19
main,0x000001ab0000,14,"[1, 4, 8]",6
main,0x000001ab1000,14,[8],7
main,0x000001ab2000,15,"[4, 8]",15
main,0x000001ab3000,60,"[1, 4, 8]",31
main,0x000001ab4000,162,[8],19
main,0x000001ab5000,38,[8],7
main,0x000001ab6000,36,[8],14
main,0x000001ab7000,50,"[1, 2, 4, 8]",12
main,0x000001ab8000,14,"[1, 8]",12
main,0x000001ab9000,10,"[1, 4, 8]",7
main,0x000001aba000,57,"[1, 4, 8]",31
main,0x000001abb000,73,"[4, 8]",51
main,0x000001abc000,231,"[1, 4, 8]",110
main,0x000001abd000,40,[8],24
main,0x000001abe000,51,"[1, 4, 8]",16
main,0x000001abf000,25,"[1, 4, 8]",10
main,0x000001ac0000,12,"[1, 8]",9
main,0x000001ac1000,83,[8],20
main,0x000001ac2000,66,[8],22
main,0x000001ac3000,58,"[1, 4, 8]",29
main,0x000001ac4000,12,"[4, 8]",9
main,0x000001ac5000,42,"[2, 4, 8]",12
main,0x000001ac6000,7,"[1, 4, 8]",7
main,0x000001ac7000,158,"[1, 4, 8]",95
main,0x000001ac8000,51,"[4, 8]",32
main,0x000001ac9000,11,"[1, 8]",10
main,0x000001aca000,37,"[1, 8]",23
main,0x000001acb000,324,"[1, 4, 8]",24
main,0x000001acc000,97,[8],19
main,0x000001ace000,35,"[1, 8]",33
main,0x000001acf000,12,"[1, 4, 8]",5
main,0x000001ad0000,50,"[4, 8]",33
main,0x000001ad4000,23,[8],16
main,0x000001ad5000,6,[8],5
main,0x000001ad6000,60,"[1, 2, 4, 8]",43
main,0x000001ad7000,31,"[1, 8]",16
main,0x000001ad8000,13,"[1, 8]",10
main,0x000001ad9000,49,"[1, 4, 8]",25
main,0x000001ada000,70,"[1, 4, 8]",36
main,0x000001adb000,20,[8],8
main,0x000001adc000,39,"[1, 4, 8]",18
main,0x000001add000,39,"[1, 4, 8]",15
main,0x000001ade000,15,[8],6
main,0x000001adf000,6,[8],4
main,0x000001ae0000,50,"[1, 2, 8]",37
main,0x000001ae1000,30,"[1, 4, 8]",13
main,0x000001ae2000,96,"[1, 8]",25
main,0x000001ae3000,54,"[1, 2, 4, 8]",26
main,0x000001ae4000,23,"[1, 2, 4, 8]",18
main,0x000001ae5000,35,"[1, 2, 8]",27
main,0x000001ae6000,25,[8],18
main,0x000001ae7000,10,"[2, 8]",6
main,0x000001ae8000,135,"[2, 4, 8]",10
main,0x000001ae9000,24,"[4, 8]",16
main,0x000001aea000,33,"[4, 8]",19
main,0x000001aeb000,25,"[1, 2, 8]",13
main,0x000001aec000,7,"[1, 8]",5
main,0x000001aed000,49,"[1, 2, 4, 8]",23
main,0x000001aee000,31,"[1, 8]",16
main,0x000001aef000,122,[8],12
main,0x000001af0000,32,"[4, 8]",21
main,0x000001af1000,7,"[1, 8]",4
main,0x000001af2000,55,[8],46
main,0x000001af3000,10,"[4, 8]",10
main,0x000001af4000,52,"[4, 8]",33
main,0x000001af5000,38,"[1, 8]",7
main,0x000001af6000,30,"[1, 4, 8]",11
main,0x000001af7000,31,"[1, 4, 8]",24
main,0x000001af8000,32,"[1, 4, 8]",17
main,0x000001af9000,28,"[2, 4, 8]",15
main,0x000001afa000,11,"[1, 4, 8]",7
main,0x000001afb000,27,[8],18
main,0x000001afc000,24,"[1, 4, 8]",15
main,0x000001afd000,8,"[1, 4, 8]",4
main,0x000001afe000,67,"[4, 8]",29
main,0x000001aff000,19,"[1, 8]",12
main,0x000001b00000,13,[8],12
main,0x000001b01000,439,"[1, 2, 4, 8]",174
main,0x000001b02000,16,"[1, 4, 8]",10
main,0x000001b03000,34,"[1, 4, 8]",17
main,0x000001b04000,16,[8],16
main,0x000001b05000,67,"[1, 4, 8]",26
main,0x000001b06000,23,"[4, 8]",13
main,0x000001b07000,14,[8],13
main,0x000001b08000,59,"[1, 8]",36
main,0x000001b09000,41,"[1, 4, 8]",10
main,0x000001b0a000,20,"[1, 4, 8]",15
main,0x000001b0b000,36,"[1, 2, 4, 8]",18
main,0x000001b0c000,29,"[1, 8]",17
main,0x000001b0d000,53,[8],27
main,0x000001b0e000,6,"[1, 8]",6
main,0x000001b0f000,36,"[4, 8]",23
main,0x000001b10000,19,[8],4
main,0x000001b11000,8,"[1, 8]",4
main,0x000001b12000,143,"[1, 2, 4, 8]",39
main,0x000001b13000,255,"[1, 2, 4, 8]",105
main,0x000001b14000,903,"[1, 2, 4, 8]",325
main,0x000001b15000,36,"[4, 8]",11
main,0x000001b16000,8,"[1, 4, 8]",5
main,0x000001b1d000,3,"[4, 8]",2
main,0x000001b1e000,11,[8],1
main,0x000001b1f000,3,[8],2
main,0x000001b32000,3,"[4, 8]",1
main,0x000001b33000,12,"[1, 4, 8]",3
main,0x000001b34000,1,[8],1
main,0x000001b35000,4,"[4, 8]",2
main,0x000001eba000,4,"[4, 8]",3
main,0x000001eeb000,2,[4],1
main,0x000001eec000,4,"[2, 4, 8]",1
main,0x000001efc000,15,"[1, 2, 4, 8]",3
main,0x000001efd000,54,"[1, 4, 8]",3
main,0x000001efe000,2,"[4, 8]",2
main,0x000001f01000,3,[8],2
main,0x000001f06000,3,[1],2
main,0x000001f07000,25,"[2, 4, 8]",10
main,0x000001f08000,5,[8],3
main,0x000001f09000,4,"[1, 4]",4
main,0x000001f0a000,86,"[1, 4, 8]",10
main,0x000001f0c000,21,"[2, 8]",2
main,0x000001f0d000,12,"[4, 8]",4
main,0x000001f0e000,10,"[2, 8]",4
main,0x000001f11000,7,[1],3
main,0x000001f12000,6,"[1, 2, 4]",6
main,0x000001f13000,1,[1],1
main,0x000001f14000,10,[8],1
main,0x000001f19000,1,[4],1
main,0x000001f1a000,4,"[4, 8]",2
main,0x000001f1b000,11,[8],4
main,0x000001f1d000,36,[8],3
main,0x000001f1f000,5,"[4, 8]",4
main,0x000001f22000,7,"[1, 4, 8]",2
main,0x000001f23000,14,"[4, 8]",4
main,0x000001f24000,52,"[2, 4, 8]",8
main,0x000001f25000,138,"[2, 4, 8]",20
main,0x000001f26000,9,"[4, 8]",3
main,0x000001f27000,15,"[1, 4, 8]",10
main,0x000001f28000,7,[8],1
main,0x000001f29000,5,"[1, 2, 4]",4
main,0x000001f2b000,10,"[4, 8]",7
main,0x000001f2c000,4,[8],4
main,0x000001f2d000,45,"[2, 8]",3
main,0x000001f2e000,1,[8],1
main,0x000001f2f000,14,"[1, 4, 8]",8
main,0x000001f30000,12,[8],3
main,0x000001f31000,14,"[4, 8]",3
main,0x000001f32000,6,[8],4
main,0x000001f33000,104,"[1, 2, 4, 8]",16
main,0x000001f34000,2,"[4, 8]",2
main,0x000001f35000,9,[8],4
main,0x000001f36000,27,"[4, 8]",13
main,0x000001f37000,175,"[1, 4, 8]",31
main,0x000001f38000,4,[1],1
main,0x000001f3b000,2,[8],1
main,0x000001f3c000,10,[8],4
main,0x000001f3d000,3,[8],1
main,0x000001f42000,24,[8],7
main,0x000001f43000,32,"[4, 8]",10
main,0x000001f48000,18,"[2, 4, 8]",4
main,0x000001f68000,2,[8],2
main,0x00000236c000,3,"[4, 8]",3
main,0x00000236f000,35,[4],3
main,0x000002377000,1,[2],1
main,0x000002379000,135,"[4, 8]",34
main,0x00000237e000,3,[8],2
main,0x00000238c000,1,[8],1
main,0x000002392000,2,"[4, 8]",2
main,0x00000239c000,1,[8],1
main,0x0000023a5000,2,[8],1
main,0x0000023a7000,3,"[1, 8]",2
main,0x0000023a8000,1,[8],1
main,0x0000023aa000,2,"[2, 4]",2
main,0x0000023ab000,1,[2],1
main,0x0000023ae000,2,[2],2
main,0x0000023b1000,1,[4],1
main,0x0000023b6000,1,[4],1
main,0x0000023bb000,1,[8],1
main,0x0000023bd000,5,[8],2
main,0x0000023bf000,4,[8],1
main,0x0000023c8000,10,"[4, 8]",7
main,0x0000023ce000,1,[8],1
main,0x0000023cf000,1,[8],1
main,0x0000023d2000,1,[8],1
main,0x0000023d8000,1,[8],1
main,0x0000023da000,3,[8],2
main,0x0000023e0000,2,[8],2
main,0x0000023f0000,11,[8],1
main,0x0000023fc000,1,[8],1
main,0x0000023fe000,4,[8],2
main,0x0000023ff000,1,[8],1
main,0x000002401000,1,[8],1
main,0x000002403000,3,"[1, 8]",2
main,0x000002420000,5,[8],3
main,0x000002424000,91,[8],7
main,0x000002425000,105,[8],7
main,0x000002426000,60,[8],4
main,0x000002428000,5,[8],4
main,0x00000242a000,13,"[4, 8]",13
main,0x00000242b000,7,"[1, 8]",4
main,0x00000242c000,6,[8],4
main,0x000002431000,1,[8],1
main,0x000002438000,1,[8],1
main,0x000002439000,1,[8],1
main,0x00000243a000,1,[8],1
main,0x00000243b000,1,[8],1
main,0x000002441000,5,[8],4
main,0x000002443000,4,[8],2
main,0x000002444000,6,[8],2
main,0x000002445000,15,[8],2
main,0x000002449000,1,[8],1
main,0x00000244a000,3,[8],2
main,0x00000244f000,1,[8],1
main,0x000002453000,5,[8],1
main,0x000002456000,20,"[4, 8]",3
main,0x000002461000,11,"[1, 4, 8]",4
main,0x00000246a000,2,[4],2
main,0x000002495000,1,[8],1
main,0x000002496000,22259,"[1, 2, 4, 8]",9245
main,0x000002497000,319,"[1, 2, 4, 8]",202
main,0x000002498000,4402,"[1, 2, 4, 8]",1436
main,0x000002499000,4299,"[1, 2, 4, 8]",769
main,0x00000249a000,1220,"[1, 2, 4, 8]",263
main,0x00000249b000,3307,"[1, 2, 4, 8]",1419
main,0x00000249c000,6708,"[1, 2, 4, 8]",2594
main,0x00000249d000,3085,"[1, 2, 4, 8]",1487
main,0x00000249e000,1527,"[1, 2, 4, 8]",662
main,0x00000249f000,3310,"[1, 2, 4, 8]",989
main,0x0000024a0000,2529,[8],8
main,0x0000024a1000,1350,"[1, 2, 4, 8]",606
main,0x0000024a2000,687,"[1, 2, 4, 8]",368
main,0x0000024a3000,685,"[1, 4, 8]",524
main,0x0000024a4000,1289,"[1, 2, 4, 8]",625
main,0x0000024a5000,1485,"[1, 2, 4, 8]",551
main,0x0000024a6000,485,"[1, 2, 4, 8]",243
main,0x0000024a7000,105,"[1, 4, 8]",28
main,0x0000024a8000,471,"[1, 2, 4, 8]",335
main,0x0000024a9000,553,"[1, 4, 8]",369
main,0x0000024aa000,810,"[1, 2, 8]",436
main,0x0000024ab000,670,[8],366
main,0x0000024ac000,902,"[1, 2, 4, 8]",445
main,0x0000024ad000,351,"[1, 2, 4, 8]",222
main,0x0000024ae000,395,"[1, 2, 4, 8]",324
main,0x0000024af000,307,"[1, 2, 4, 8]",191
main,0x0000024b0000,539,"[1, 4, 8]",349
main,0x0000024b1000,440,"[1, 4, 8]",265
main,0x0000024b2000,757,"[1, 2, 4, 8]",333
main,0x0000024b3000,553,"[1, 2, 4, 8]",206
main,0x0000024b4000,1407,"[1, 2, 4, 8]",474
main,0x0000024b5000,349,"[1, 2, 4, 8]",141
main,0x0000024b6000,644,"[1, 2, 4, 8]",123
main,0x0000024ba000,21,"[2, 4, 8]",13
main,0x0000024bb000,6,"[4, 8]",2
main,0x0000024bc000,7,"[4, 8]",4
main,0x0000024bd000,1,[8],1
main,0x0000024de000,4,[8],2
main,0x0000024df000,7,"[1, 4, 8]",5
main,0x0000024e0000,45,"[1, 4, 8]",18
main,0x0000024e1000,7,"[2, 4]",7
main,0x0000024e2000,11,"[4, 8]",10
main,0x0000024e4000,75,"[1, 4, 8]",27
main,0x0000024e5000,13,"[4, 8]",6
main,0x0000024e6000,5,"[4, 8]",2
main,0x0000024e7000,11,"[4, 8]",8
main,0x0000024e9000,1,[8],1
main,0x00000276b000,1,[8],1
main,0x00000276c000,1,[4],1
main,0x000002773000,5,"[4, 8]",3
main,0x000002777000,22,[8],4
main,0x000002778000,36,"[1, 4, 8]",33
main,0x000002779000,96,"[1, 4, 8]",58
main,0x00000277a000,2,[8],2
main,0x0000027ce000,57,"[1, 2, 4, 8]",40
main,0x0000027cf000,128,[4],128
main,0x0000027d0000,128,[4],128
main,0x0000027d1000,63,"[1, 4, 8]",63
main,0x0000027d2000,20,[4],20
main,0x0000027d3000,19,[4],19
main,0x0000027d4000,21,[4],21
main,0x0000027d5000,3,"[2, 4]",2
main,0x0000027d6000,58,"[1, 4, 8]",29
main,0x0000027d7000,58,"[1, 4, 8]",58
main,0x0000027d8000,15,"[1, 4, 8]",15
main,0x0000027d9000,8,"[1, 4]",8
main,0x0000027da000,7,"[4, 8]",6
main,0x0000027db000,9,"[4, 8]",8
main,0x0000027dc000,17,[4],17
main,0x0000027dd000,19,"[4, 8]",15
main,0x0000027de000,25,[4],25
main,0x0000027e0000,22,"[4, 8]",22
main,0x0000027e1000,46,[4],46
main,0x0000027e2000,63,"[1, 4, 8]",63
main,0x0000027e3000,77,"[1, 4, 8]",76
main,0x0000027e4000,72,[4],72
main,0x0000027e5000,13,[4],13
main,0x0000027e9000,4,"[4, 8]",4
main,0x0000027ea000,40,"[1, 4, 8]",30
main,0x0000027eb000,39,"[4, 8]",36
main,0x0000027ec000,39,"[4, 8]",20
main,0x0000027ed000,28,"[4, 8]",28
main,0x0000027ee000,41,[4],41
main,0x0000027ef000,20,"[4, 8]",20
main,0x0000027f0000,24,[4],24
main,0x0000027f1000,25,"[1, 4, 8]",18
main,0x0000027f2000,1,[8],1
main,0x0000027f3000,17,"[1, 8]",7
main,0x0000027f9000,20,"[1, 2, 4, 8]",12
main,0x0000027fa000,1,[8],1
main,0x0000027fb000,48,"[1, 4, 8]",26
main,0x0000027fc000,11,"[1, 4, 8]",5
main,0x0000027fd000,7,"[4, 8]",1
