module,first_slot,slots,refs,funcs,purity,reads,writes,confidence,widths
main,0x000002496788,20,13792,7389,1.0,13543,249,high,4:5;8:13787
main,0x00000249b240,21,3760,3207,0.999,3752,8,high,4:3;8:3757
main,0x00000249c9c8,200,5419,2790,0.975,3448,1971,high,1:39;2:6;4:92;8:5282
main,0x0000024982d8,422,8133,2264,0.757,7117,1016,medium,1:111;2:29;4:1836;8:6157
main,0x0000024960a8,4,2533,2156,0.989,2500,33,high,1:13;4:16;8:2504
main,0x00000249a6d8,294,4323,1827,0.927,2753,1570,high,1:46;2:28;4:243;8:4006
main,0x0000024a3160,469,4250,1352,0.92,3630,620,high,1:23;2:105;4:213;8:3909
main,0x00000249c4f8,81,3189,1289,0.998,3185,4,high,1:6;4:1;8:3182
main,0x0000024aa150,472,2730,1267,0.997,2142,588,high,1:9;8:2721
main,0x0000024a13c8,392,3758,1257,0.982,3271,487,high,1:5;2:8;4:54;8:3691
main,0x0000024a22e8,420,2893,1166,0.998,2349,544,high,1:4;4:3;8:2886
main,0x000002496b30,8,2194,1113,1.0,2193,1,high,1:1;8:2193
main,0x0000024ae080,497,2712,1109,0.993,2475,237,high,1:4;2:3;4:13;8:2692
main,0x00000249c780,67,1507,1094,0.998,1445,62,high,4:3;8:1504
main,0x00000249efc8,8,3394,1005,0.969,2247,1147,high,1:14;2:17;4:73;8:3290
main,0x00000249e670,229,1967,989,0.998,1964,3,high,1:3;8:1964
main,0x0000024b2078,497,2164,964,0.99,2076,88,high,1:7;2:1;4:13;8:2143
main,0x0000024af5e0,325,2488,947,0.998,2059,429,high,1:1;4:4;8:2483
main,0x0000024ab978,210,1973,924,0.992,1491,482,high,1:6;2:2;4:7;8:1958
main,0x0000024a9ad8,168,1948,891,0.989,1568,380,high,1:20;2:2;8:1926
main,0x00000249d4d8,14,4914,883,1.0,4913,1,high,1:1;2:1;8:4912
main,0x0000024a8620,317,1944,871,0.991,1471,473,high,1:13;4:5;8:1926
main,0x000002496870,47,1444,869,0.999,1441,3,high,1:2;8:1442
main,0x00000249f1a0,60,1702,816,0.994,1689,13,high,1:8;4:3;8:1691
main,0x0000024b05d0,329,2061,778,0.992,1718,343,high,1:6;4:10;8:2045
main,0x0000024ad340,409,2020,747,0.972,1729,291,high,1:6;2:42;4:9;8:1963
main,0x0000024a4d30,91,1869,713,0.915,884,985,high,1:28;2:54;4:76;8:1711
main,0x0000024ab098,284,1581,697,0.999,1581,0,high,4:1;8:1580
main,0x0000024964f8,27,1213,689,0.998,1213,0,high,4:3;8:1210
main,0x0000024a5b30,158,1741,683,0.852,1480,261,medium,1:249;2:1;4:7;8:1484
main,0x0000024a7030,507,1345,676,0.967,999,346,high,1:24;2:2;4:18;8:1301
main,0x0000024969e8,29,819,656,0.996,818,1,high,4:3;8:816
main,0x0000024b3100,480,1541,652,0.981,1534,7,high,1:4;2:3;4:22;8:1512
main,0x00000249f8c0,745,8726,632,0.99,7020,1706,high,1:39;2:4;4:44;8:8639
main,0x0000024a43d0,251,2302,617,0.996,2275,27,high,1:3;4:7;8:2292
main,0x00000249b9e8,195,1607,607,0.999,1606,1,high,1:1;8:1606
main,0x0000024a9088,330,1677,592,0.999,1667,10,high,1:1;4:1;8:1675
main,0x0000024af008,8,1315,545,0.997,1314,1,high,2:1;4:3;8:1311
main,0x0000024b13c8,391,1387,539,0.998,1382,5,high,1:3;8:1384
main,0x0000024b1018,118,1552,514,0.994,1536,16,high,1:8;4:1;8:1543
main,0x0000024998b8,23,1634,512,1.0,1634,0,high,8:1634
main,0x0000024ae008,15,1365,508,0.998,1362,3,high,1:2;4:1;8:1362
main,0x0000024b0018,16,1190,461,0.997,1189,1,high,4:4;8:1186
main,0x00000249d548,17,1730,441,0.999,1729,1,high,1:1;8:1729
main,0x0000024a40f0,78,1027,409,0.99,994,33,high,1:7;4:3;8:1017
main,0x0000024a8010,4,1141,381,0.991,1130,11,high,1:3;4:7;8:1131
main,0x0000024b5820,253,1105,364,0.921,766,339,high,1:34;2:2;4:51;8:1018
main,0x0000024ad000,4,746,352,0.92,475,271,high,1:2;2:56;4:2;8:686
main,0x0000024b0098,167,866,343,1.0,865,1,high,8:866
main,0x0000024a8100,164,804,337,0.998,802,2,high,4:2;8:802
main,0x000002496828,9,460,325,0.996,460,0,high,4:2;8:458
main,0x000002496b90,142,661,321,0.994,659,2,high,1:2;4:2;8:657
main,0x0000024af048,179,740,311,0.995,736,4,high,1:4;8:736
main,0x00000249e380,94,493,308,0.994,492,1,high,1:1;4:2;8:490
main,0x000001aa19b0,18,585,295,1.0,585,0,high,8:585
main,0x000001aa1c90,7,463,290,1.0,463,0,high,8:463
main,0x000002499f78,18,1267,286,0.979,946,321,high,1:6;2:1;4:19;8:1241
main,0x000001aa1948,10,723,286,0.997,723,0,high,2:2;8:721
main,0x00000249d828,73,1042,281,0.997,1039,3,high,1:2;4:1;8:1039
main,0x00000249b120,10,812,279,0.99,802,10,high,1:2;4:6;8:804
main,0x00000249d3a8,26,372,279,0.997,368,4,high,2:1;8:371
main,0x00000249b638,106,902,275,0.999,899,3,high,4:1;8:901
main,0x000002496450,11,310,273,0.99,310,0,high,4:3;8:307
main,0x0000024b5210,193,484,265,0.988,480,4,high,1:4;4:2;8:478
main,0x00000249a268,141,558,252,0.993,557,1,high,4:4;8:554
main,0x00000249f570,55,477,251,0.996,477,0,high,1:1;4:1;8:475
main,0x000001aa1ac8,6,315,244,1.0,315,0,high,8:315
main,0x0000024a3008,10,629,238,0.997,624,5,high,1:1;4:1;8:627
main,0x00000249f070,5,373,236,0.992,364,9,high,1:1;4:2;8:370
main,0x00000249b448,41,541,221,1.0,541,0,high,8:541
main,0x000002496238,12,387,221,0.959,369,18,high,1:12;4:4;8:371
main,0x000001aa1820,4,264,216,1.0,264,0,high,8:264
main,0x0000024a1080,77,697,214,0.999,669,28,high,1:1;8:696
main,0x000002499980,61,683,213,1.0,683,0,high,8:683
main,0x0000024a64c0,366,882,207,0.902,838,44,high,1:78;4:8;8:796
main,0x00000249f4f8,15,794,194,1.0,794,0,high,8:794
main,0x0000024973e8,387,628,189,0.998,627,1,high,4:1;8:627
main,0x0000024a5100,70,640,182,0.958,590,50,high,1:26;4:1;8:613
main,0x00000249db28,155,179,175,1.0,179,0,high,8:179
main,0x0000024a58a8,80,648,163,0.997,648,0,high,4:2;8:646
main,0x0000024a2058,82,441,162,0.991,429,12,high,1:3;4:1;8:437
main,0x0000024b4cb8,105,238,162,1.0,238,0,high,8:238
main,0x0000024a54c8,59,587,160,1.0,583,4,high,8:587
main,0x00000249c420,25,294,156,1.0,289,5,high,8:294
main,0x0000024acda8,4,150,150,0.993,149,1,high,4:1;8:149
main,0x00000249ed98,70,412,145,0.998,407,5,high,1:1;8:411
main,0x00000249d2b0,31,217,143,1.0,205,12,high,8:217
main,0x00000249b2e8,19,300,142,1.0,300,0,high,8:300
main,0x00000249d638,62,421,141,0.979,397,24,high,1:4;4:5;8:412
main,0x00000249b170,13,277,140,0.975,274,3,high,1:7;8:270
main,0x00000249b590,21,216,140,1.0,216,0,high,8:216
main,0x000002499d30,51,199,137,0.985,195,4,high,1:2;4:1;8:196
main,0x0000024a62f8,57,279,135,0.986,276,3,high,4:4;8:275
main,0x000002497090,91,252,133,0.968,240,12,high,1:3;4:5;8:244
main,0x00000249d058,5,245,132,0.902,225,20,high,1:23;4:1;8:221
main,0x00000249d1a8,30,197,114,0.97,187,10,high,1:6;8:191
main,0x00000249a010,6,288,112,0.872,246,42,medium,2:2;4:35;8:251
main,0x0000024b6758,69,328,111,0.994,328,0,high,4:2;8:326
main,0x000002496200,4,129,111,0.845,121,8,medium,1:19;4:1;8:109
main,0x0000024995a0,34,200,109,0.965,199,1,high,4:7;8:193
main,0x0000024a5728,48,267,107,1.0,267,0,high,8:267
main,0x00000249a180,29,135,106,0.993,135,0,high,4:1;8:134
main,0x000002498128,30,154,105,0.87,146,8,medium,1:1;2:1;4:18;8:134
main,0x0000024b4368,38,143,104,1.0,141,2,high,8:143
main,0x000001aa18e8,8,180,97,0.994,179,1,high,4:1;8:179
main,0x00000249b0a0,4,155,96,0.987,123,32,high,1:2;8:153
main,0x000001aa1a48,11,138,96,1.0,138,0,high,8:138
main,0x00000249b988,12,268,94,1.0,268,0,high,8:268
main,0x0000024ac9c0,4,100,94,0.98,95,5,high,4:2;8:98
main,0x0000024ac088,16,187,93,0.936,155,32,high,1:1;4:11;8:175
main,0x0000024b6990,73,167,90,1.0,167,0,high,8:167
main,0x00000249d098,5,135,89,0.993,132,3,high,4:1;8:134
main,0x00000249b1d8,13,143,88,0.958,137,6,high,1:6;8:137
main,0x000001aa3000,5,215,87,0.977,209,6,high,1:4;4:1;8:210
main,0x0000024a3058,33,188,86,0.979,169,19,high,1:1;4:3;8:184
main,0x0000024996f8,27,137,86,0.993,137,0,high,4:1;8:136
main,0x0000024b49d0,56,97,85,1.0,97,0,high,8:97
main,0x000001b13230,5,83,82,0.988,82,1,high,1:1;8:82
main,0x00000249d0c0,29,156,80,0.987,155,1,high,1:1;4:1;8:154
main,0x0000024ac058,6,143,78,0.993,120,23,high,1:1;8:142
main,0x000001af1ff8,4,140,78,0.907,100,40,high,1:13;8:127
main,0x000002496400,4,97,76,0.99,97,0,high,4:1;8:96
main,0x000001aa9ff8,6,223,73,0.964,211,12,high,1:3;2:2;4:3;8:215
main,0x0000024b5120,8,204,73,1.0,204,0,high,8:204
main,0x0000024aa058,31,196,72,0.99,191,5,high,1:2;8:194
main,0x000001b0d000,6,245,71,0.996,217,28,high,4:1;8:244
main,0x00000249e028,4,131,71,0.985,108,23,high,1:1;4:1;8:129
main,0x00000249b3d0,15,215,70,0.995,214,1,high,4:1;8:214
main,0x0000024ac660,4,166,70,0.97,142,24,high,4:5;8:161
main,0x0000024a56a0,17,193,69,1.0,193,0,high,8:193
main,0x000001b04000,4,139,69,1.0,138,1,high,8:139
main,0x0000024b44c8,23,128,69,1.0,128,0,high,8:128
main,0x00000249f3f8,32,254,67,0.996,254,0,high,4:1;8:253
main,0x000001b07008,5,170,65,1.0,168,2,high,8:170
main,0x000002496420,6,81,64,0.951,81,0,high,4:4;8:77
main,0x0000024acf38,4,214,63,0.995,213,1,high,4:1;8:213
main,0x000001b00000,4,130,63,0.992,130,0,high,4:1;8:129
main,0x0000024a5330,51,244,62,0.98,242,2,high,1:2;4:3;8:239
main,0x0000024a8058,21,133,60,0.992,126,7,high,4:1;8:132
main,0x000001ada018,4,110,60,0.991,110,0,high,4:1;8:109
main,0x00000249da70,23,79,59,1.0,78,1,high,8:79
main,0x0000024a5098,10,173,57,0.838,130,43,medium,1:27;4:1;8:145
main,0x000001aec000,5,156,57,0.974,153,3,high,1:4;8:152
main,0x000002499098,4,138,54,0.92,132,6,high,4:11;8:127
main,0x0000024992f0,24,123,54,0.959,113,10,high,1:1;4:4;8:118
main,0x0000024994d0,21,78,54,0.923,77,1,high,1:1;4:5;8:72
main,0x000001aa1b80,4,64,53,1.0,64,0,high,8:64
main,0x000001b14120,4,81,52,1.0,78,3,high,8:81
main,0x0000024a4098,7,82,51,0.89,71,11,medium,1:6;4:3;8:73
main,0x0000024b3068,7,75,50,0.947,54,21,high,1:1;2:2;4:1;8:71
main,0x00000249f728,51,130,49,0.962,127,3,high,1:4;4:1;8:125
main,0x0000024ad020,10,94,49,0.979,73,21,high,4:2;8:92
main,0x0000024b4b90,36,60,49,0.983,60,0,high,4:1;8:59
main,0x0000024b5168,21,139,48,0.82,134,5,medium,4:25;8:114
main,0x000001aa1050,11,126,48,0.952,119,7,high,1:2;4:4;8:120
main,0x00000249e058,5,114,48,0.947,99,15,high,1:2;4:4;8:108
main,0x00000249e280,32,68,48,0.985,53,15,high,4:1;8:67
main,0x0000024962d0,17,407,47,0.975,400,7,high,4:10;8:397
main,0x0000024993f8,14,84,47,0.702,80,4,medium,1:1;2:1;4:23;8:59
main,0x00000249c330,30,110,46,0.945,108,2,high,1:2;4:4;8:104
main,0x000002496298,7,97,45,0.969,81,16,high,1:1;4:2;8:94
main,0x0000024b4638,23,51,45,0.98,51,0,high,2:1;8:50
main,0x0000024b3048,4,96,44,0.844,39,57,medium,1:14;2:1;8:81
main,0x0000024ac020,7,93,44,0.989,87,6,high,1:1;8:92
main,0x000001ae2008,5,85,44,0.953,80,5,high,1:4;8:81
main,0x00000249e0a8,6,75,44,0.973,71,4,high,1:2;8:73
main,0x0000024ace98,9,91,42,0.989,82,9,high,4:1;8:90
main,0x00000249a138,9,57,41,0.947,51,6,high,4:3;8:54
main,0x0000024a2028,6,145,40,0.993,141,4,high,1:1;8:144
main,0x000001abc020,6,87,40,0.782,43,44,medium,2:6;4:13;8:68
main,0x00000249f098,4,87,40,0.885,75,12,medium,4:10;8:77
main,0x00000249f160,7,79,40,0.975,78,1,high,1:1;4:1;8:77
main,0x000001b08000,16,212,39,0.991,199,13,high,1:1;4:1;8:210
main,0x000001adb018,5,102,39,0.971,102,0,high,4:3;8:99
main,0x0000024ac798,8,72,39,0.986,48,24,high,4:1;8:71
main,0x000001afd000,4,70,39,0.957,69,1,high,1:1;4:2;8:67
main,0x00000249b380,10,62,39,1.0,61,1,high,8:62
main,0x0000024b46f0,23,43,39,1.0,43,0,high,8:43
main,0x000002499800,19,78,38,0.769,73,5,medium,1:1;4:17;8:60
main,0x0000024aa020,7,102,37,0.951,97,5,high,1:4;4:1;8:97
main,0x0000024b47a8,23,40,37,1.0,40,0,high,8:40
main,0x0000024a12e8,28,180,36,0.956,180,0,high,1:8;8:172
main,0x0000024b45b8,16,46,36,1.0,46,0,high,8:46
main,0x0000024ac728,4,65,35,0.985,53,12,high,4:1;8:64
main,0x0000024b5088,8,47,35,1.0,46,1,high,8:47
main,0x0000024ac218,9,127,33,0.921,37,90,high,4:10;8:117
main,0x000001ad5000,5,71,33,0.958,64,7,high,1:1;4:2;8:68
main,0x000002498098,4,70,33,0.857,68,2,medium,1:1;4:9;8:60
main,0x000001b01058,6,59,33,0.78,47,12,medium,2:1;4:12;8:46
main,0x000001acb000,6,368,32,0.97,339,29,high,1:2;4:9;8:357
main,0x000001aad000,4,220,32,0.982,216,4,high,1:4;8:216
main,0x000001ad7000,4,128,32,0.961,117,11,high,1:3;4:2;8:123
main,0x000001abe000,4,127,32,0.969,114,13,high,1:1;4:3;8:123
main,0x000001aeb000,4,114,32,0.921,100,14,high,1:5;2:4;8:105
main,0x0000024b5048,7,78,32,0.974,68,10,high,2:1;4:1;8:76
main,0x000001b13080,6,48,32,1.0,44,4,high,8:48
main,0x000002498218,10,48,32,1.0,48,0,high,8:48
main,0x0000024966a8,20,47,32,0.894,28,19,medium,1:1;4:4;8:42
main,0x0000024b4918,23,42,32,1.0,42,0,high,8:42
main,0x000001aa8000,32,168,31,0.982,161,7,high,1:1;4:2;8:165
main,0x000001ac1000,5,144,31,0.965,129,15,high,1:1;4:4;8:139
main,0x0000024a9058,6,77,31,0.818,68,9,medium,1:8;4:6;8:63
main,0x00000249f108,5,72,31,0.958,67,5,high,4:3;8:69
main,0x0000024a4038,4,46,31,0.978,45,1,high,1:1;8:45
main,0x0000027ea018,8,43,31,0.605,12,31,medium,2:17;8:26
main,0x0000024b6068,222,287,30,1.0,266,21,high,8:287
main,0x000001aa1020,5,85,30,0.682,80,5,medium,1:1;4:26;8:58
main,0x000002499478,11,42,30,0.952,42,0,high,4:2;8:40
main,0x0000024b4860,23,34,30,1.0,34,0,high,8:34
main,0x0000024ac1b0,4,33,30,0.97,25,8,high,4:1;8:32
main,0x000001aab000,4,93,29,1.0,93,0,high,8:93
main,0x000001afe000,7,90,29,0.956,77,13,high,4:4;8:86
main,0x000002499208,10,64,29,0.984,57,7,high,1:1;8:63
main,0x0000024a4bd0,44,63,29,0.984,63,0,high,4:1;8:62
main,0x0000024ab038,7,56,29,0.929,54,2,high,4:4;8:52
main,0x00000249f380,13,211,28,0.986,208,3,high,1:2;4:1;8:208
main,0x000001b10000,4,118,28,0.992,101,17,high,1:1;8:117
main,0x000001acc000,4,137,27,1.0,54,83,high,8:137
main,0x000001aca000,5,58,27,0.948,55,3,high,1:3;8:55
main,0x0000024b2058,4,46,27,0.891,33,13,medium,1:4;2:1;8:41
main,0x000001af5000,4,83,26,0.988,50,33,high,1:1;8:82
main,0x0000024b50c8,10,56,26,0.982,55,1,high,1:1;8:55
main,0x000002499278,7,49,26,0.796,43,6,medium,4:10;8:39
main,0x0000024965e0,8,42,26,0.714,30,12,medium,1:1;4:11;8:30
main,0x000001aa1c68,4,27,26,1.0,27,0,high,8:27
main,0x0000024a5068,6,68,25,0.662,44,24,medium,1:12;4:11;8:45
main,0x000002499130,7,41,25,0.976,39,2,high,4:1;8:40
main,0x0000024ac3a8,7,117,24,0.949,68,49,high,4:6;8:111
main,0x000002497060,6,45,24,0.911,43,2,high,4:4;8:41
main,0x000001b14198,4,39,24,0.872,35,4,medium,4:5;8:34
main,0x000002499b68,12,37,24,0.973,33,4,high,4:1;8:36
main,0x0000024992b0,7,29,24,1.0,26,3,high,8:29
main,0x000001b0c000,8,57,23,0.842,48,9,medium,1:3;4:6;8:48
main,0x000002496380,5,29,23,0.931,27,2,high,1:2;8:27
main,0x00000249d5e0,11,108,22,1.0,106,2,high,8:108
main,0x000001aa1c18,5,42,22,1.0,42,0,high,8:42
main,0x0000024a8030,5,59,21,1.0,59,0,high,8:59
main,0x000001aaf000,4,48,21,0.833,44,4,medium,1:6;4:2;8:40
main,0x000001ad6010,4,42,21,0.952,34,8,high,4:2;8:40
main,0x00000249e148,16,30,21,0.967,20,10,high,4:1;8:29
main,0x000001b0b000,16,92,20,0.859,85,7,medium,1:8;2:2;4:3;8:79
main,0x0000024964b8,7,58,20,0.931,56,2,high,1:1;4:3;8:54
main,0x0000024ac340,4,50,20,0.84,18,32,medium,4:8;8:42
main,0x000001ad8048,6,49,20,0.959,49,0,high,4:2;8:47
main,0x0000024b30e0,4,42,20,0.905,42,0,high,1:2;4:2;8:38
main,0x000001afb000,4,39,20,1.0,34,5,high,8:39
main,0x0000027f1018,5,33,20,0.576,15,18,medium,2:14;8:19
main,0x0000024ac128,4,25,20,0.96,20,5,high,4:1;8:24
main,0x0000027f3000,8,73,19,0.959,49,24,high,1:2;4:1;8:70
main,0x0000024ac2e0,4,51,19,0.843,15,36,medium,4:8;8:43
main,0x0000024ac598,4,58,18,0.983,34,24,high,4:1;8:57
main,0x000002499190,4,47,18,0.979,45,2,high,4:1;8:46
main,0x00000249f0d0,7,46,18,0.913,41,5,high,1:4;8:42
main,0x00000249a0d0,6,27,18,0.926,23,4,high,4:2;8:25
main,0x000001b07060,5,20,18,1.0,19,1,high,8:20
main,0x000001f35000,4,90,17,0.978,83,7,high,4:2;8:88
main,0x0000024ad088,4,43,17,0.977,39,4,high,4:1;8:42
main,0x000001b130d0,5,26,17,0.808,8,18,medium,4:5;8:21
main,0x00000249b0e0,4,21,17,0.952,17,4,high,1:1;8:20
main,0x0000024b4498,6,17,17,1.0,17,0,high,8:17
main,0x000001f36010,5,159,16,0.994,159,0,high,4:1;8:158
main,0x0000024a62d8,4,53,16,0.981,48,5,high,1:1;8:52
main,0x0000024980e8,6,27,16,0.926,23,4,high,4:2;8:25
main,0x0000024ac760,4,26,16,0.885,17,9,medium,4:3;8:23
main,0x0000024acc18,4,20,16,0.95,15,5,high,4:1;8:19
main,0x000001aa1b08,4,17,16,1.0,17,0,high,8:17
main,0x000002498270,13,74,15,0.973,72,2,high,4:2;8:72
main,0x0000024993c8,6,39,15,0.949,31,8,high,1:1;4:1;8:37
main,0x0000024963a8,4,34,15,0.765,24,10,medium,1:8;8:26
main,0x0000024acc40,4,34,15,0.971,26,8,high,4:1;8:33
main,0x0000024acc60,4,34,15,0.971,26,8,high,4:1;8:33
main,0x000002499ce8,9,27,15,1.0,26,1,high,8:27
main,0x000001b12038,8,25,15,0.84,22,3,medium,1:1;4:3;8:21
main,0x000002499c08,5,25,15,0.96,20,5,high,4:1;8:24
main,0x0000024ace70,4,18,15,0.944,17,1,high,4:1;8:17
main,0x000001b04060,4,16,15,1.0,16,0,high,8:16
main,0x0000024ac560,4,89,14,0.933,65,24,high,4:6;8:83
main,0x000001abd008,15,71,14,1.0,71,0,high,8:71
main,0x0000024ac618,6,66,14,0.985,30,36,high,4:1;8:65
main,0x0000024ac538,5,56,14,0.911,26,30,high,4:5;8:51
main,0x0000024ac2b8,4,43,14,0.977,10,33,high,4:1;8:42
main,0x0000024acef8,4,41,14,0.976,37,4,high,4:1;8:40
main,0x0000027d62a0,5,17,14,1.0,17,0,high,8:17
main,0x000001afa008,31,71,13,1.0,71,0,high,8:71
main,0x0000024ac8b8,4,53,13,0.981,41,12,high,4:1;8:52
main,0x000001aaa030,4,42,13,1.0,42,0,high,8:42
main,0x000001ac3010,15,35,13,0.971,33,2,high,4:1;8:34
main,0x0000024acb98,5,34,13,0.971,24,10,high,4:1;8:33
main,0x0000024acab0,6,27,13,0.963,15,12,high,4:1;8:26
main,0x000001af9048,4,25,13,0.92,24,1,high,1:2;8:23
main,0x0000024b4580,7,13,13,1.0,13,0,high,8:13
main,0x000002494998,716,733,12,0.985,720,13,high,1:11;8:722
main,0x000000a65000,4,103,12,1.0,101,2,high,8:103
main,0x0000024ac6a0,4,79,12,0.987,66,13,high,4:1;8:78
main,0x0000024acd08,9,55,12,0.982,46,9,high,4:1;8:54
main,0x000002499c38,7,23,12,0.957,17,6,high,4:1;8:22
main,0x000002496ae0,8,17,12,1.0,17,0,high,8:17
main,0x000002499f40,5,16,12,0.875,12,4,medium,1:1;4:1;8:14
main,0x000001aa1cd0,6,15,12,1.0,15,0,high,8:15
main,0x00000249e1c8,10,12,12,0.917,11,1,high,4:1;8:11
main,0x0000023c2010,4,66,11,1.0,66,0,medium,8:66
main,0x000001f2f008,4,36,11,0.917,34,2,medium,2:1;4:2;8:33
main,0x000001aa1110,4,29,11,1.0,23,6,medium,8:29
main,0x0000024acdd0,9,28,11,0.964,19,9,medium,4:1;8:27
main,0x000001ab9000,5,26,11,0.769,17,9,medium,1:5;4:1;8:20
main,0x000001ae7000,5,19,11,0.895,15,4,medium,2:1;4:1;8:17
main,0x000002499c98,10,19,11,0.947,18,1,medium,1:1;8:18
main,0x000001b131a0,5,17,11,0.941,17,0,medium,4:1;8:16
main,0x000001b010a8,6,16,11,0.938,16,0,medium,4:1;8:15
main,0x000001aac008,15,60,10,0.933,57,3,medium,4:4;8:56
main,0x0000024ac6e0,4,43,10,0.93,27,16,medium,4:3;8:40
main,0x0000024ac518,4,40,10,1.0,20,20,medium,8:40
main,0x0000024a9030,5,28,10,0.893,26,2,medium,4:3;8:25
main,0x000001ac0000,4,25,10,0.96,25,0,medium,1:1;8:24
main,0x0000024a4380,10,25,10,0.92,25,0,medium,4:2;8:23
main,0x0000027fc2e8,8,25,10,0.44,11,14,medium,1:5;4:11;8:9
main,0x000001ab0000,4,24,10,0.833,18,6,medium,1:1;4:3;8:20
main,0x0000023cf010,4,24,10,1.0,24,0,medium,8:24
main,0x0000024baa88,9,18,10,0.889,9,9,medium,1:16;8:2
main,0x000002496650,8,15,10,0.933,13,2,medium,1:1;8:14
main,0x000002499ec8,6,14,10,0.929,13,1,medium,4:1;8:13
main,0x0000024997d0,4,12,10,0.917,12,0,medium,4:1;8:11
main,0x0000024ac920,8,50,9,0.98,34,16,medium,4:1;8:49
main,0x0000024a6290,4,39,9,0.949,33,6,medium,1:2;8:37
main,0x0000024acce0,4,33,9,0.939,28,5,medium,4:2;8:31
main,0x000001ae8038,4,31,9,0.871,31,0,medium,2:1;4:3;8:27
main,0x0000027e3020,12,23,9,0.913,4,19,medium,4:2;8:21
main,0x000001b131f0,4,21,9,1.0,21,0,medium,8:21
main,0x000002499f10,6,14,9,0.857,12,2,medium,1:2;8:12
main,0x0000024b4330,7,9,9,0.889,8,1,medium,4:1;8:8
main,0x0000023cc010,4,74,8,1.0,74,0,medium,8:74
main,0x0000024acfc0,4,62,8,0.984,58,4,medium,4:1;8:61
main,0x000002779060,19,50,8,0.96,19,31,medium,1:2;8:48
main,0x000001f3c000,4,38,8,0.895,27,11,medium,2:4;8:34
main,0x0000023cb010,4,36,8,1.0,36,0,medium,8:36
main,0x000001af7008,7,27,8,0.963,27,0,medium,1:1;8:26
main,0x00000249e228,4,17,8,1.0,10,7,medium,8:17
main,0x0000024ac860,4,17,8,0.882,5,12,medium,4:2;8:15
main,0x00000276c010,7,17,8,0.588,2,15,medium,4:7;8:10
main,0x000002496358,5,16,8,0.875,16,0,medium,1:1;4:1;8:14
main,0x000002424010,4,15,8,1.0,15,0,medium,8:15
main,0x000001aa1870,5,14,8,1.0,14,0,medium,8:14
main,0x0000024acd68,4,12,8,0.917,8,4,medium,4:1;8:11
main,0x000001b0d040,5,11,8,0.909,11,0,medium,4:1;8:10
main,0x000001aa1b30,5,8,8,1.0,8,0,medium,8:8
main,0x000002497368,16,39,7,0.974,38,1,medium,4:1;8:38
main,0x000001b03038,4,38,7,0.974,37,1,medium,4:1;8:37
main,0x0000024ac498,4,28,7,0.964,4,24,medium,4:1;8:27
main,0x000002499578,5,16,7,0.812,16,0,medium,4:3;8:13
main,0x0000027f9008,5,14,7,0.929,7,7,medium,4:1;8:13
main,0x00000249a100,6,13,7,0.692,13,0,medium,4:4;8:9
main,0x00000249e128,4,8,7,0.625,5,3,medium,2:1;4:2;8:5
main,0x000001b05040,24,44,6,1.0,43,1,medium,8:44
main,0x0000024acf60,9,31,6,0.968,22,9,medium,4:1;8:30
main,0x0000024a6080,4,27,6,0.963,26,1,medium,1:1;8:26
main,0x000001acf020,9,22,6,0.955,22,0,medium,4:1;8:21
main,0x000002773000,4,20,6,0.95,15,5,medium,4:1;8:19
main,0x000002779038,4,16,6,0.938,11,5,medium,4:1;8:15
main,0x0000024acca0,4,14,6,0.929,6,8,medium,4:1;8:13
main,0x0000024ad190,4,11,6,0.909,10,1,medium,4:1;8:10
main,0x000001f09000,5,10,6,0.5,9,1,medium,1:3;4:2;8:5
main,0x000001aa11e8,4,9,6,0.889,8,1,medium,4:1;8:8
main,0x000001afc070,4,8,6,1.0,8,0,medium,8:8
main,0x0000023d2010,5,42,5,1.0,42,0,medium,8:42
main,0x0000024ac828,6,20,5,0.95,7,13,medium,4:1;8:19
main,0x0000024ad1b0,10,20,5,0.9,10,10,medium,4:2;8:18
main,0x000001aa10d8,5,12,5,1.0,3,9,medium,8:12
main,0x0000027d6090,4,12,5,1.0,10,2,medium,8:12
main,0x000001ab7040,5,10,5,0.5,9,1,medium,4:5;8:5
main,0x0000024a4ba8,4,10,5,0.8,10,0,medium,1:2;8:8
main,0x000002499898,4,9,5,0.889,8,1,medium,4:1;8:8
main,0x000001aa1bc0,6,6,5,1.0,6,0,medium,8:6
main,0x000001f1d000,4,92,4,0.891,87,5,medium,4:10;8:82
main,0x000001f0d000,4,35,4,0.857,35,0,medium,4:5;8:30
main,0x000001f0d048,4,29,4,0.517,22,7,medium,1:14;8:15
main,0x000002779108,22,28,4,1.0,5,23,medium,8:28
main,0x0000024ad0e8,10,22,4,0.909,12,10,medium,4:2;8:20
main,0x0000024ad278,10,20,4,0.9,10,10,medium,4:2;8:18
main,0x000001aba020,12,19,4,0.947,17,2,medium,4:1;8:18
main,0x000001f29010,4,19,4,0.947,17,2,medium,4:1;8:18
main,0x0000024996b8,8,17,4,0.941,17,0,medium,4:1;8:16
main,0x000001b013c8,9,13,4,0.846,3,10,medium,4:2;8:11
main,0x000001b132a0,7,12,4,0.917,12,0,medium,4:1;8:11
main,0x000001b16098,5,10,4,1.0,10,0,medium,8:10
main,0x0000024a6158,4,10,4,0.9,8,2,medium,1:1;8:9
main,0x0000027fc008,5,9,4,1.0,8,1,medium,8:9
main,0x000001abc050,4,6,4,1.0,6,0,medium,8:6
main,0x000001af8020,4,6,4,0.833,2,4,medium,4:1;8:5
main,0x000002456000,20,77,3,0.558,24,53,low,4:34;8:43
main,0x000001b12398,8,27,3,0.963,3,24,low,4:1;8:26
main,0x0000027e3270,17,18,3,0.889,17,1,low,1:2;8:16
main,0x000001f31048,4,16,3,0.875,15,1,low,1:2;8:14
main,0x000002779850,13,14,3,0.857,13,1,low,1:2;8:12
main,0x0000024a4360,4,12,3,1.0,12,0,low,8:12
main,0x0000024ace30,4,11,3,0.909,7,4,low,4:1;8:10
main,0x0000027dd040,5,11,3,1.0,9,2,low,8:11
main,0x0000027ea060,7,11,3,1.0,3,8,low,8:11
main,0x000002377010,5,8,3,0.875,3,5,low,4:1;8:7
main,0x0000024ad150,4,8,3,0.875,4,4,low,4:1;8:7
main,0x0000024ad2e0,4,8,3,0.875,4,4,low,4:1;8:7
main,0x0000027e2cb8,7,8,3,0.75,7,1,low,1:2;8:6
main,0x000000a67440,4,6,3,1.0,0,6,low,8:6
main,0x000000a68440,4,6,3,1.0,0,6,low,8:6
main,0x000001ab70a0,5,6,3,0.5,1,5,low,1:2;4:1;8:3
main,0x00000239c000,4,6,3,0.833,5,1,low,4:1;8:5
main,0x000002456c88,4,6,3,0.833,4,2,low,4:1;8:5
main,0x0000027d1128,5,6,3,0.667,5,1,low,1:2;8:4
main,0x0000027e28b0,5,6,3,0.667,5,1,low,1:2;8:4
main,0x0000027e2d08,5,6,3,0.667,5,1,low,1:2;8:4
main,0x0000027e2de8,5,6,3,0.667,5,1,low,1:2;8:4
main,0x0000024ad258,4,5,3,0.8,4,1,low,4:1;8:4
main,0x0000024ad320,4,5,3,0.8,4,1,low,4:1;8:4
main,0x000001ab9078,4,4,3,1.0,4,0,low,8:4
main,0x0000027d3208,123,124,2,0.935,1,123,low,1:3;4:5;8:116
main,0x000002779ce8,11,44,2,1.0,22,22,low,8:44
main,0x000001f01000,4,25,2,1.0,24,1,low,8:25
main,0x0000024b6f10,22,22,2,1.0,0,22,low,8:22
main,0x000002779960,22,22,2,1.0,22,0,low,8:22
main,0x0000023c9010,5,19,2,1.0,19,0,low,8:19
main,0x000001f06018,6,18,2,0.667,14,4,low,4:6;8:12
main,0x0000023c1010,4,17,2,1.0,17,0,low,8:17
main,0x0000024e0618,16,17,2,0.941,1,16,low,4:1;8:16
main,0x000002446010,4,16,2,1.0,16,0,low,8:16
main,0x000001b124d0,7,14,2,0.929,7,7,low,4:1;8:13
main,0x000002435010,4,14,2,1.0,14,0,low,8:14
main,0x0000027f38a0,4,14,2,1.0,9,5,low,8:14
main,0x0000008e8000,4,13,2,1.0,9,4,low,8:13
main,0x0000027798c8,12,12,2,1.0,12,0,low,8:12
main,0x000001b01478,7,9,2,0.889,4,5,low,4:1;8:8
main,0x0000024bd000,4,9,2,0.889,2,7,low,4:1;8:8
main,0x0000024de000,4,9,2,0.889,3,6,low,4:1;8:8
main,0x0000024e61b0,7,9,2,0.778,0,9,low,4:2;8:7
main,0x0000027fc038,5,9,2,0.889,6,3,low,1:1;8:8
main,0x000001b1f000,4,8,2,0.625,7,1,low,4:3;8:5
main,0x000001eec040,7,8,2,1.0,8,0,low,8:8
main,0x0000024ad218,4,8,2,0.875,4,4,low,4:1;8:7
main,0x0000024e62e8,4,8,2,0.75,0,8,low,1:1;4:1;8:6
main,0x000001b01508,6,7,2,0.857,2,5,low,4:1;8:6
main,0x000001b0f010,5,7,2,0.857,2,5,low,4:1;8:6
main,0x000001b121b0,4,7,2,1.0,7,0,low,8:7
main,0x000001b01550,5,6,2,0.833,1,5,low,4:1;8:5
main,0x0000024e6308,5,6,2,0.667,0,6,low,4:2;8:4
main,0x000002778f68,6,6,2,1.0,6,0,low,8:6
main,0x0000027ea3e8,6,6,2,1.0,6,0,low,8:6
main,0x000001af9850,4,5,2,1.0,5,0,low,8:5
main,0x0000024ad0c8,4,5,2,0.8,4,1,low,4:1;8:4
main,0x0000027d9798,5,5,2,1.0,5,0,low,1:5
main,0x000002779930,4,4,2,1.0,4,0,low,8:4
main,0x0000027ea3c0,4,4,2,1.0,4,0,low,8:4
main,0x0000027ea420,4,4,2,1.0,4,0,low,8:4
main,0x0000027d9208,54,54,1,1.0,0,54,low,8:54
main,0x0000024e4398,22,23,1,1.0,1,22,low,8:23
main,0x000001b152a0,7,21,1,0.857,0,21,low,4:3;8:18
main,0x0000024df200,17,17,1,0.941,0,17,low,4:1;8:16
main,0x0000024e4298,15,16,1,0.938,0,16,low,4:1;8:15
main,0x0000024e6260,16,16,1,0.688,0,16,low,1:4;4:1;8:11
main,0x0000012ea2b0,4,15,1,1.0,3,12,low,8:15
main,0x000001aa1290,15,15,1,0.933,15,0,low,4:1;8:14
main,0x000001aee488,5,14,1,0.643,12,2,low,4:5;8:9
main,0x000001af2518,11,12,1,0.917,12,0,low,4:1;8:11
main,0x000002392018,6,12,1,1.0,6,6,low,8:12
main,0x0000005ea000,5,11,1,1.0,7,4,low,8:11
main,0x000001ae1570,4,11,1,0.636,11,0,low,4:4;8:7
main,0x000001f25550,11,11,1,1.0,0,11,low,8:11
main,0x0000024540c0,11,11,1,1.0,0,11,low,8:11
main,0x0000024e6208,11,11,1,0.818,0,11,low,1:1;4:1;8:9
main,0x0000027ce2e0,6,11,1,1.0,11,0,low,8:11
main,0x0000023da010,4,9,1,1.0,9,0,low,8:9
main,0x0000024e04d0,9,9,1,0.889,0,9,low,4:1;8:8
main,0x0000024e5280,4,9,1,0.778,0,9,low,4:2;8:7
main,0x0000024e5f70,9,9,1,0.889,0,9,low,1:1;8:8
main,0x0000024e0490,8,8,1,1.0,0,8,low,8:8
main,0x0000024e5218,5,8,1,0.875,0,8,low,4:1;8:7
main,0x0000012ee000,4,7,1,1.0,3,4,low,8:7
main,0x000001417000,4,7,1,1.0,7,0,low,8:7
main,0x0000024e4778,7,7,1,1.0,7,0,low,8:7
main,0x0000024e52f8,7,7,1,0.857,0,7,low,1:1;8:6
main,0x0000024e6350,7,7,1,0.714,0,7,low,4:2;8:5
main,0x0000024e7208,6,6,1,1.0,0,6,low,8:6
main,0x000001ae1330,5,5,1,1.0,5,0,low,8:5
main,0x000001aee438,4,5,1,1.0,5,0,low,8:5
main,0x000001b01430,5,5,1,0.8,0,5,low,4:1;8:4
main,0x000001f25858,5,5,1,1.0,0,5,low,8:5
main,0x000001f292d8,5,5,1,0.8,0,5,low,4:1;8:4
main,0x000000919000,4,4,1,1.0,0,4,low,8:4
main,0x000000d890a8,4,4,1,1.0,4,0,low,8:4
main,0x00000132b000,4,4,1,1.0,0,4,low,8:4
main,0x000001aed300,4,4,1,0.75,2,2,low,4:1;8:3
main,0x000001b014c8,4,4,1,0.75,0,4,low,4:1;8:3
main,0x0000024e0530,4,4,1,0.75,0,4,low,4:1;8:3
main,0x0000024e6330,4,4,1,0.5,0,4,low,4:2;8:2
main,0x0000024e65d0,4,4,1,0.5,0,4,low,4:2;8:2
main,0x0000027ec360,4,4,1,0.75,0,4,low,4:1;8:3
