kind,name,named_functions
namespace,sequence_editor,603
namespace,gfx,478
namespace,mem,341
namespace, std,326
namespace, gfl,302
namespace,nex,222
namespace, boost,176
namespace,debug,176
namespace,ui,172
namespace, btl,159
namespace,anm,155
namespace,vfx,151
namespace,engine,142
namespace,LauncherEvent,137
namespace,util,127
namespace, 8ul>>,115
namespace,protobuf,115
namespace,BattleViewSystem,108
namespace,command,97
namespace,common,93
namespace, SiSDK3,92
namespace, PPFX,84
namespace, gamesys,80
namespace,app,79
namespace,pia,77
namespace,content,66
namespace,math,61
namespace,script,60
namespace,network,58
namespace, field,55
namespace, 16ul>>,52
namespace,ui2d,52
namespace,fujita,50
namespace,mt,48
namespace,app_framework,39
namespace,hid,37
namespace,system,33
namespace,physics,33
namespace,kawada,32
namespace,window,31
namespace,FunctionWaitManager,30
namespace,ariizumi,29
namespace,fs,29
namespace,framework,28
namespace,ikuta,27
namespace,endo,24
namespace,sanga,24
namespace,chara_view,23
namespace,launcher,23
namespace, void ()(void)>,23
namespace, nn,23
namespace,DebugMenu,20
namespace,component,20
namespace,debugui,20
namespace,pokemon_trade,19
namespace, false>,17
namespace,pokelist,17
namespace,wazadata,15
namespace,beacon,13
namespace,font,13
namespace,battle,12
namespace,muto,12
namespace,battle_ui,12
namespace,movie,11
namespace,AppDebugMenu,11
namespace,personal,11
namespace,kawai,11
namespace,pokestatus,11
namespace,text,9
namespace, 4ul>>,9
namespace,field_ui,9
namespace, (construct_type)3>,8
namespace,item_make,8
namespace,LayoutDebugMenu,8
namespace,join,8
namespace,CopyImageObject,8
namespace, trainer,8
namespace,sakai_test_proc,8
namespace, AK,8
namespace,report,8
namespace,demo_player,7
namespace,RendererDebugMenu,7
namespace,pokepara,7
namespace,p2p_common,7
namespace, 2305843009213693951ul>,7
namespace,p2p,7
namespace,sync_save,7
namespace,poke_make,6
namespace, basesys,6
namespace, int),6
namespace, pml,6
namespace, pead,6
namespace,BtlvChara,6
namespace,CharaModelManager,6
namespace,ISiGfxShaderEffectPackage,6
namespace, 16ul> &>,5
namespace, flatbuffers,5
namespace, AkArrayAllocatorNoAlign<AkMonitor,5
namespace,StringUtil,5
namespace,SiGfxShaderEffect,5
namespace,FadeManager,4
namespace, uikit,4
namespace,ParticleUtility,4
namespace,title,4
namespace,core,4
namespace,FieldProc,4
namespace,obata,4
namespace,sakai,4
namespace,parts,4
namespace,LFO,4
namespace, 1ul>>,4
namespace,communicator,4
namespace,rec,4
namespace,BtlvUi,4
namespace,HeartGet,4
namespace,pokedex,4
namespace,townmap,4
namespace,SiKernel,4
namespace,ldn,4
namespace,account,3
namespace,internal,3
namespace,TimeDebugMenu,3
namespace,event_check,3
namespace,inada,3
namespace,nakayama,3
namespace,request,3
namespace, AkMonitorData,3
namespace, AkArrayAllocatorNoAlign<_ArrayPoolDefault>>,3
namespace, AkModTreeValue>,3
namespace,NXNetworkManager,3
namespace, movie,3
namespace, google,3
namespace,CharaResourceKit,3
namespace,CharaAutomaticProcess,3
namespace, 16>,3
namespace,os,3
namespace, void *> *> std,2
namespace,player,2
namespace,swkbd,2
namespace, print,2
namespace, unsigned int>,2
namespace,FieldViewerProc,2
namespace,field_menu,2
namespace,StreamMgr,2
namespace, AkRTPCValue>,2
namespace, DSP,2
namespace, 0u>,2
namespace,g3d,2
namespace,NetworkApi,2
namespace, long>,2
namespace, 2ul>>,2
namespace,TypeHandler,2
namespace,BTL_POKEPARAM,2
namespace,TrainerMessage,2
namespace, chara,2
namespace,CharaKit,2
namespace, poketool,2
namespace,IGPUDevice,2
namespace,SiStringTable,2
namespace,ISiIOBinaryArchive,2
namespace,ISiGfxShaderEffectVariationList,2
namespace,ISiGfxImageLoader,2
namespace, 8ul>,1
namespace,proc,1
namespace,applet,1
namespace, ui,1
namespace, graphics,1
namespace, pm_sound,1
namespace,sound,1
namespace,PmSoundBank,1
namespace,ScalableFont,1
namespace,ComplexFont,1
namespace,WordSet,1
namespace, savedata,1
namespace, 4611686018427387903ul>,1
namespace,Layout,1
namespace, false> boost,1
namespace, CAkBankMgr,1
namespace,SoundEngine,1
namespace, AkFileParser,1
namespace, CAkTransitionManager,1
namespace, CAkMusicRenderer,1
namespace,profiler,1
namespace, true>,1
namespace, 8ul> &>,1
namespace, 16ul>,1
namespace,waza,1
namespace, 3062208511571970ul>,1
namespace,Section_Escape_Sub,1
namespace,PosEffect,1
namespace,ExpCalculator,1
namespace,AdapterCommandGenerator,1
namespace,ActionRecorder,1
namespace,CharaDressupItemPackageUtility,1
namespace,PokeAnmCfgKindDefine,1
namespace, pmaux,1
namespace,CharaAutomaticBlinkProcess,1
namespace,item,1
namespace,ResourceManager,1
namespace,SiFixedHeapAllocator2,1
namespace,ISiGfxImageSaver,1
namespace,SiGfxNXDrawContext,1
namespace,ISiGfxRootSignature,1
namespace,friends,1
namespace,time,1
class,sequence_editor::CommandParam,392
class,mem::MemoryResource,244
class,sequence_editor::SequenceFile,210
class,LauncherEvent::CreateLauncherData,137
class,gfx::ApiVersion,120
class,util::BitFlagSet,112
class,engine::ObjectHandle,110
class,BattleViewSystem::DebugMenu_Memory,56
class,ui::CreateLauncherItem,54
class,gfx::ModelComponent,51
class,math::Vector3,49
class,mem::MemoryResourceDeleter,46
class,vfx::particle::GroupDrawer,45
class,mem::Allocator,38
class,app_framework::DefaultHeap,38
class,gfx::IFreeCamera,36
class,system::Filter,33
class,kawada::charaselect_sandbox::SandboxProcImpl,32
class,network::session::SessionHeap,30
class,vfx::Emitter,30
class,window::WindowDebugString,29
class,protobuf::FieldDescriptor,29
class,BattleViewSystem::InitDebugMenu,28
class,common::FieldObject,27
class,mt::JobContext,26
class,app::AppProc,24
class,command::CharaModelCreate::Initialize,24
class,nex::String,23
class,FunctionWaitManager::RegisterFileLoadedFunc,22
class,physics::CollisionScene,20
class,nex::SharedPtrDefaultDeleter,20
class,anm::ShaderAnimationPlayer::ParamKey,19
class,protobuf::io::CodedOutputStream,19
class,anm::AnimationPlayer,17
class,ui::SandboxUikitShortcutInput::OnLoadedFiles,17
class,nex::Key,17
class,command::PpkemonCreateFromParam::Initialize,16
class,ariizumi::EffectViewerProc::InitMenu,16
class,fujita::CreateDebugMenu,16
class,vfx::detail::SortData,16
class,engine::IObserver,15
class,nex::StationURL,15
class,anm::AnimationComponent::InitializeSystemEventCallback,15
class,anm::Parameter,15
class,common::FieldObject::EnableHotReload,15
class,pokemon_trade::PokemonAutoTradeSystem::Update,15
class,hid::KeyboardKey,14
class,fs::Path,14
class,fujita::ImguiProc::InitFunc,14
class,nex::InetAddress,14
class,protobuf::MapValueRef,14
class,gfx::Renderer,13
class,nex::Buffer,13
class,hid::MouseButton,13
class,anm::CameraAnimationPlayer,12
class,command::LightCreate::Initialize,12
class,debug::DebugGroupManager,12
class,content::FieldPlayerObject::Setup,12
class,endo::imgui_debug_menu::TestImGuiDebugMenuProc::InitFunc,12
class,endo::observer::StateTestEventReceive::OnCreate,12
class,ikuta::PokemonStateController,12
class,network::RegisterLauncher,12
class,BattleViewSystem::ResetPokemon,12
class,framework::Application::InitializeDebugResource,11
class,chara_view::Manipulator::InitializeDebugWindow,11
class,command::ModelCreate::Initialize,11
class,kawai::ui_button::UiKitButton::OnLoadedFiles,11
class,nex::RapidJsonNexAllocator,11
class,nex::MatchmakeSession,11
class,sanga::TestUiButton::OnLoadedFiles,10
class,sanga::TestUiUikitGridPanel::OnLoadedFiles,10
class,pia::common::String::EncodingType,10
class,pia::common::Packet,10
class,common::FieldObject::UpdateCulling,10
class,common::TerrainChipBase::EnableHotReload,9
class,ui::SandboxUiUikitSwapableGridPanel::OnLoadedFiles,9
class,nex::MemAllocator,9
class,pia::common::InetAddress,9
class,wazadata::WazaSick,9
class,mem::SynchronizedPoolResource,8
class,framework::DebugPauseController::DebugPauseController,8
class,gfx::CameraLevel,8
class,CopyImageObject::UpdateCommandBuffer,8
class,command::MovePosition::Initialize,8
class,command::ModelAnimationCreate::Initialize,8
class,beacon::RegisterLauncher,8
class,muto::fieldui_test::ChatControl12rom::ChatControl12rom,8
class,sakai_test_proc::SakaiTestProc::InitFunc,8
class,component::ScrollPanel::ScrollPanel,8
class,ui::SandboxUikitShortcutInput::AddDebugMenu,8
class,gfx::TMemoryPool,8
class,nex::UserContext,8
class,pia::StationIndex,8
class,gfx::ShaderStage,8
class,gfx::Skeleton,8
class,engine::IComponent,8
class,gfx::ShaderFile,8
class,vfx::particle::impl::ParticleSystem::ParticleSystem,8
class,vfx::PfxRenderPath::Initialize,8
class,app::views::MsgWindowView::SetSelectMenu,8
class,pokelist::PokeListView::SettingFieldList,8
class,pokestatus::PokeStatusBgView::OnSetup,8
class,report::ReportView::OnSetup,8
class,common::FieldEnvManager::MadKind,8
class,mt::JobProfileData,7
class,debug::DebugGroupObject::CreateAllCharaOnOffMenu,7
class,p2p_common::P2pCommonDataHolder,7
class,fujita::ControllerProc::InitializeDebug,7
class,launcher::LauncherProc,7
class,app::AppDataHolder,7
class,network::pokemon_trade::StatePokemonTrade::OnCreate,7
class,gfx::MaterialData,7
class,gfx::Texture,7
class,ui::SandBoxUikitOptionBar::AddDebugMenu,7
class,ui2d::DrawInfo,7
class,vfx::Heap,7
class,nex::Time,7
class,anm::BlenderNode,7
class,gfx::Joint,7
class,anm::BlendParam,7
class,gfx::impl::PrimitiveRendererImplNN::FlushInternal,7
class,protobuf::Descriptor,7
class,protobuf::Message,7
class,sync_save::protocol_buffers::SyncSaveDataHolder,7
class,mt::SyncObject,6
class,gfx::RenderTarget::Descriptor,6
class,gfx::TextureObject,6
class,script::ScriptStandardObject,6
class,network::pokemon_trade::StateSyncSave::OnCreate,6
class,ui2d::BuildArgSet,6
class,nex::EndPoint,6
class,nex::Packet,6
class,gfx::MeshData,6
class,gfx::ModelComponent::ModelComponent,6
class,protobuf::EnumValueDescriptor,6
class,BtlvChara::SetStencilWriteValue,6
class,CharaModelManager::CharaModelParam,6
class,common::FieldEnvManager::LightSetKind,6
class,movie::MovieProc::Parameter,5
class,gfx::SamplerObject,5
class,text::StrBuf,5
class,gfx::ModelFile,5
class,math::AABB,5
class,content::WideRoadConnectionManager::ConnectionInfo,5
class,common::FieldObjectManager::GetObjectCount,5
class,content::FieldPopupMsgCheck::PopupTarget,5
class,component::ScrollPanel,5
class,ui2d::Window::Frame,5
class,util::neon::Vector4fType,5
class,StringUtil::CardinalNumber,5
class,anm::AnimationEvent,5
class,gfx::FaceData,5
class,debugui::StartupWindow::GroupData,5
class,common::FieldEnvManager,5
class,SiGfxShaderEffect::ShaderProgramKey,5
class,gfx::GfxManager::UpdateCommandBuffer,4
class,gfx::RendererDebugData,4
class,gfx::RenderPathDebugData,4
class,framework::PerformanceDebugView::PerformanceDebugView,4
class,demo_player::Proc::CreateDebugWindow0,4
class,DebugMenu::SetupMemGroup,4
class,DebugMenu::SetupGfxInfoGroup,4
class,DebugMenu::SetupVersionGroup,4
class,DebugMenu::SetupPokemonGroup,4
class,DebugMenu::SetupWalletGroup,4
class,item_make::DebugItemMake::CreateWindow,4
class,item_make::DebugItemMake::AddWindow,4
class,chara_view::Manipulator::CreateDebugWindow0,4
class,chara_view::Manipulator::CreateDebugWindow1,4
class,chara_view::Manipulator::CreateDebugWindow2,4
class,AppDebugMenu::RegisterGroup,4
class,AppDebugMenu::SetupAppFrameWorkDataWindow,4
class,LayoutDebugMenu::RegisterGroup,4
class,LayoutDebugMenu::SetupLayoutWindow,4
class,RendererDebugMenu::RegisterGroup,4
class,FadeManager::InitializeDebug,4
class,math::Vector4,4
class,join::JoinManager::AddDebugMenu,4
class,join::JoinManager::CreateDebugMenu,4
class,app::LayoutAPI::Setup,4
class,app::LayoutAPI::OnSetup,4
class,app::LayoutAPI::StartAnime,4
class,app::LayoutAPI::StartBlockAnime,4
class,gfx::DepthStencilBuffer,4
class,ParticleUtility::Initialize,4
class,script::ScriptDebugMenu::RegisterGroupDebugScriptCall,4
class,script::ScriptDebugMenu::RegisterGroupSorakake,4
class,script::ScriptDebugMenuFlagWork::RegisterFlagDebugMenu,4
class,script::ScriptDebugMenuFlagWork::RegisterWorkDebugMenu,4
class,script::ScriptBRankEdit::RegisterWindow,4
class,title::View_Top::Show,4
class,core::System,4
class,FunctionWaitManager::WaitFunctions,4
class,command::CameraCreate::Initialize,4
class,FunctionWaitManager::RegisterWaitFunc,4
class,command::FadeOut::Initialize,4
class,debug::DebugGroupCamera::CreateScrollStopCameraSetting,4
class,debug::DebugGroupCamera::CreateDebugCameraSetting,4
class,debug::DebugGroupCamera::CreateSupportMoveCameraSetting,4
class,debug::DebugGroupCamera::CreateSupportLookCameraSetting,4
class,debug::DebugGroupPopupMsg::CreatePopupMsgMenu,4
class,content::CameraCollision::EnableHotReload,4
class,debug::DebugGroupAppJump::CreateTitleJumpMenu,4
class,debug::DebugGroupAppJump::CreatePokeCampJumpMenu,4
class,debug::DebugGroupAppJump::CreateAppJumpMenu,4
class,debug::DebugGroupAreaZone::CreateAreaZoneReloader,4
class,debug::DebugGroupAreaZone::CreataTimeZoneMenu,4
class,debug::DebugGroupBeacon::CreateWideRoadDebugMenu,4
class,debug::DebugGroupBeacon::CreateConnectionInfoMenu,4
class,debug::DebugGroupCollision::CreatePlayerCollisionMenu,4
class,debug::DebugGroupEventBattle::CreateEventBattleMenu,4
class,debug::DebugGroupEventBattle::CreateAgingBattleMenu,4
class,debug::DebugGroupEventSystem::CreateEventBootFlagsMenu,4
class,debug::DebugGroupEventSystem::CreatePokePartyMenu,4
class,debug::DebugGroupEventSystem::CreateSymbolEncountMenu,4
class,debug::DebugGroupEventSystem::CreateWildEncountMenu,4
class,debug::DebugGroupMemory::CreateMemoryCheckMenu,4
class,debug::DebugGroupObject::CreateVisibilityMenu,4
class,content::FieldPrairieObject,4
class,debug::DebugGroupObject::CreateCullingMenu,4
class,debug::DebugGroupObject::CreateActionCommandMenu,4
class,debug::DebugGroupObject::CreatePlayerInfoMenu,4
class,debug::DebugGroupObject::CreateTrainerMenu,4
class,debug::DebugGroupObject::CreatePlayerSettingMenu,4
class,debug::DebugGroupObject::CreateBicycleSettingMenu,4
class,debug::DebugGroupObject::CreateFieldObjectViewerMenu,4
class,debug::DebugGroupObject::CreateTerrainCheckMenu,4
class,debug::DebugGroupObject::CreateCloudMenu,4
class,debug::DebugGroupObject::FieldObjectEditWindowProc,4
class,debug::DebugGroupRenderer::CreateShadowMapMenu,4
class,debug::DebugGroupRenderer::CreateLightMenu,4
class,debug::DebugGroupRenderer::CreateFogMenu,4
class,content::FieldCharacterObject::SetupParticleComponent,4
class,FieldProc::RegisterDebugServiceCommand,4
class,ariizumi::BgTestProc::InitFunc,4
class,ariizumi::EffectViewerProc::SetupPlaySequence,4
class,fujita::heart_get::Proc::InitializeDebug,4
class,ikuta::TestProc::UpdateFunc,4
class,ikuta::TestProc::CreateGuiWindow,4
class,ikuta::TestProc::GuiWindowFunc,4
class,launcher::CommandManager::RegisterCommand,4
class,obata::TestImguiProc::CreateGuiWindow,4
class,sakai::CreateLauncherItem,4
class,sanga::swkbd::Proc::InitializeDebug,4
class,fs::FlatBuffersFile,4
class,gfx::gfmad::GfMad,4
class,component::ScrollPanel::CallMoveCursorEvent,4
class,ui::SandBoxUikitOptionBar::CreateResultText,4
class,ui::SandBoxUikitOptionBar::CreateDebugMenu,4
class,ui::SandBoxUikitScrollPanelGrid::AddDebugMenu,4
class,ui::SandboxUikitShortcutInput::CreateResultText,4
class,ui::SandboxUikitShortcutInput::CreateDebugMenu,4
class,ui::SandboxUiUikitToggleButton::OnLoadedFiles,4
class,ui::TestWazaInfoSelect::AddDebugMenu,4
class,ui::TestWazaInfo::AddDebugMenu,4
class,ui::TestWazaInfo::CreateDebugMenu,4
class,ui::TestUiUikitButton::OnLoadedFiles,4
class,ui::TestUiUikitGridPanel::AddDebugMenu,4
class,ui::TestUiUikitGridPanel::CreateDebugMenu,4
class,ui::PokeListWindowView::AddDebugMenu,4
class,ui::SandBoxUikitContextMenu::Update,4
class,font::Rectangle,4
class,ui2d::Layout,4
class,p2p::PiaManager::ChangePiaFrameworkStateAsync,4
class,nex::Message,4
class,pia::session::UpdateSessionSetting,4
class,pia::transport::StationLocation,4
class,anm::State,4
class,anm::Transition,4
class,anm::AnimationEventCallbackSet,4
class,anm::VisibilityAnimationPlayer::VisibilityKey,4
class,anm::FileResource::LoadAsyncImpl,4
class,anm::IResourceCallback,4
class,gfx::impl::Mesh,4
class,gfx::impl::DrawableModel::DrawableModel,4
class,gfx::PrimitiveObject::UpdateCommandBuffer,4
class,gfx::ConstantBufferContainer,4
class,gfx::PrimitiveObject::SetBlendState,4
class,gfx::PrimitiveRenderer::PrimitiveRenderer,4
class,gfx::Renderer::UpdateCommandBuffer,4
class,gfx::RenderPath::UpdateCommandBuffer,4
class,gfx::RenderPath::InitializeViewport,4
class,gfx::impl::ShadowDrawableModel::UpdateCommandBuffer,4
class,gfx::Text::ResourceHolder,4
class,gfx::Text::UpdateCommandBuffer,4
class,debugui::ImGuiRenderPath::InitializeIO,4
class,debugui::StartupWindow::Initialize,4
class,ui2d::LayoutWork::ResourceHolder,4
class,ui2d::LayoutWork::UpdateCommandBuffer,4
class,framework::ShieldingTestRenderer::UpdateCommandBuffer,4
class,movie::MovieDrawer::UpdateCommandBuffer,4
class,vfx::particle::GroupDrawer::ResolveDrawPath,4
class,protobuf::MessageFactory,4
class,battle::TypeAffinity::AboutAffinityID,4
class,wazadata::WazaRankEffect,4
class,rec::SendTool,4
class,BattleViewSystem::SeqComFunc_MoveRelativePoke,4
class,BattleViewSystem::SeqComFunc_MoveSpecialPos,4
class,BattleViewSystem::DebugMenu_OpenObjectWindow,4
class,BtlvUi::IsExistMsgWin,4
class,app::views::View_ImGui::OnSetup,4
class,app::views::View_ImGuiEx::DoSetup,4
class,HeartGet::Manager::InitializeDebug,4
class,pokedex::View_Top::Show,4
class,townmap::View_Top::Show,4
class,pokemon_trade::protocol_buffers::PokemonTradeDataHolder,4
class,SiKernel::ReflectionCompare,4
class,ISiGfxShaderEffectPackage::TechniqueData,4
class,battle_ui::View_Boss::Hide,4
class,battle_ui::View_SelectAction::Hide,4
class,battle_ui::View_SelectWaza::Hide,4
class,field_ui::livecom_12rom::LiveCom_12ROM::DoInitialize,4
class,field_ui::livecom_12rom::ChatControl12rom::ChatControl12rom,4
class,mem::impl::GlobalHeapResourceImpl,3
class,mt::JobScheduler,3
class,mt::Job,3
class,fs::impl::IFileListener,3
class,gfx::GfxManager::Initialize,3
class,gfx::GpuObject,3
class,gfx::CommandBuffer,3
class,ui2d::DefaultFontInfo,3
class,demo_player::Proc::InitFunc,3
class,internal::CreateVersionView,3
class,AppDebugMenu::SetupAppFrameWorkResourceWindow,3
class,RendererDebugMenu::SetupWindow,3
class,TimeDebugMenu::RegisterGroup,3
class,hid::Manager::InitializeDebug,3
class,util::Float2,3
class,app::LayoutAPI::Hook,3
class,gfx::ColorRenderTarget,3
class,script::ScriptDebugMenuEdit::RegisterCameraEditMenu,3
class,script::ScriptDebugMenuFlagWork::RegisterFlagSearchDebugMenu,3
class,script::ScriptDebugMenuFlagWork::RegisterWorkSearchDebugMenu,3
class,script::ScriptManageType,3
class,script::ScriptSceneDebug::RegisterMenu,3
class,script::ZoneScriptContainer,3
class,script::SceneChangeControl::SceneChange,3
class,script::ScriptBRankEdit::RegisterMenu,3
class,app::View,3
class,command::AnimationTrigger::Initialize,3
class,command::FadeIn::Initialize,3
class,physics::ShapeData,3
class,content::ScrollStopCameraData::EnableHotReload,3
class,debug::DebugGroupCamera::CreateAreaCameraSetting,3
class,ui::FieldMessageWindow::InitializeContextMenu,3
class,content::AreaCameraData::EnableHotReload,3
class,debug::DebugGroupAreaZone::CreateAreaZoneJumpMenu,3
class,debug::DebugGroupAreaZone::CreateAreaZoneJumpMenuList,3
class,debug::DebugGroupCollision::CreateCollisionRenderMenu,3
class,content::FieldCharacterObject,3
class,content::FieldPokemonObject,3
class,content::FieldAccessoryObject,3
class,content::FieldSkyDomeObject,3
class,debug::DebugGroupRenderer::CreatePfxSettingMenu,3
class,event_check::FieldEventCheck::EncountParamTable,3
class,gfx::Shader,3
class,gfx::Material,3
class,ariizumi::AriizumiBattleProc::InitMenu,3
class,fujita::msgwin::Proc::InitializeDebug,3
class,fujita::swkbd::Proc::InitializeDebug,3
class,fujita::place_name::Proc::InitializeDebug,3
class,inada::InadaTestProc::UpdateFunc,3
class,launcher::LauncherItem,3
class,launcher::LauncherView::Initialize,3
class,muto::fieldui_test::ResidentialUI::DoInitialize,3
class,app::FontAPI,3
class,nakayama::ContextMenuView::SetContextMsg,3
class,request::ConnectType,3
class,parts::ScrollSharedItem,3
class,ui::SandBoxUikitScrollPanelGrid::CreateDebugMenu,3
class,ui::TestUiUikitGridPanel::OnLoadedFiles,3
class,ui::SandBoxUikitContextMenu::OnLoadedFiles,3
class,LFO::Params,3
class,font::ConstantBufferAdditionalContent::PerCharacterTransformCenter,3
class,ui2d::ResourceAccessor,3
class,vfx::detail::ParticleProperty,3
class,vfx::BufferingMode,3
class,util::neon::MatrixRowMajor4x3fType,3
class,NXNetworkManager::SubmitNetworkRequest,3
class,nex::DefaultChainPolicy,3
class,nex::TransportProtocol::Type,3
class,nex::PacketOut,3
class,nex::EndPointUniqueID,3
class,nex::SocketDriver::InetAddress,3
class,nex::SocketDriverDeleter,3
class,nex::SharedPtr,3
class,nex::NotificationEvent,3
class,pia::common::IPacketInput,3
class,math::SRT,3
class,anm::fb::JointAnimationData,3
class,gfx::ShaderFactory,3
class,gfx::impl::DrawableModelUnit,3
class,gfx::ShadowMapShaderFactory,3
class,engine::ObjectFactory::Create,3
class,gfx::impl::PrimitiveRendererImplNN::StateData,3
class,gfx::TextureData,3
class,gfx::impl::DrawableModelUnit::ResetCommandBuffer,3
class,debugui::ImGuiRenderPath::ImGuiRenderPath,3
class,debugui::Debug_DrawMemoryHeap,3
class,vfx::particle::GroupDrawer::Initialize,3
class,protobuf::FieldDescriptor::Type,3
class,engine::ComponentPriority,3
class,ui::BtlvUiMsgWindowView::OpenContextMenu,3
class,text::MsgData,3
class,CharaResourceKit::MemoryType,3
class,anm::AnimationComponent,3
class,CharaAutomaticProcess::SetupCallback,3
class,communicator::DebugCommand,3
class,app::views::ContextMenuView::SetContextMsg,3
class,pokelist::PokeListView::SetContextMsg,3
class,pokelist::PokeListView::SetSwapShortcutButton,3
class,pokelist::PokeListFieldState::SetItemContextMenuMsg,3
class,pokestatus::PokeStatusInfoView::SetCancelButton,3
class,nex::ResultRange,3
class,gfx::DescriptorSlot,3
class,pia::common::SockAddrIn,3
class,ariizumi::EffectViewerProc::InitParam,2
class,mt::EventObject,2
class,fs::impl::File,2
class,gfx::SamplerInfo,2
class,gfx::OutOfMemoryEventArg,2
class,battle::Gui_Page1,2
class,battle::Gui_Page2,2
class,battle::Gui_Page3,2
class,player::Proc::Setting,2
class,util::Window,2
class,poke_make::Gui_Page2,2
class,pokepara::PokemonParam,2
class,poke_make::Gui_Page1,2
class,poke_make::Gui_Page3,2
class,swkbd::String,2
class,app::AppState,2
class,common::FieldObjectBackup,2
class,fs::RawFile,2
class,window::WindowManager,2
class,vfx::OBufferRenderPath,2
class,gfx::DrawableObject::SortType,2
class,vfx::PfxContext::Descriptor,2
class,script::CommandPokeMotion::FieldStatus,2
class,script::ScriptParallelWaitStandard,2
class,fs::SaveHandle,2
class,command::CommandBase,2
class,command::CameraAnimation::Initialize,2
class,physics::MeshData,2
class,content::FieldEncountPokeSet::EffectApplyCheckFlag,2
class,common::ActionCommandBase,2
class,ui::FieldMessageWindow,2
class,debug::DebugGroupBeacon::DoChangeConnectionState,2
class,content::FieldNetCharacterObject,2
class,debug::DebugGroupObject::TerrainEditWindowProc,2
class,content::FieldPosEventGlareObject,2
class,FieldViewerProc::RecieverParam,2
class,gfx::Font,2
class,field_menu::FieldMenuParam,2
class,beacon::Config,2
class,personal::PersonalData,2
class,pia::clone::ReliableCloneElementBase,2
class,pia::clone::ReliableLargeCloneElementBase,2
class,hid::Controller,2
class,ikuta::KwBall,2
class,launcher::CommandManager::Command,2
class,launcher::LauncherProc::StackData,2
class,gfx::Text,2
class,ui2d::LayoutFile,2
class,ui2d::ResCaptureTextureList,2
class,util::neon::Vector3fType,2
class,gfx::TDevice,2
class,vfx::Config,2
class,vfx::BufferSwapMode,2
class,vfx::System::SortEmitterSetData,2
class,g3d::ResShaderParam,2
class,beacon::BeaconPacket,2
class,pia::clone::CloneElementBase,2
class,NetworkApi::State,2
class,nex::PeriodicJob,2
class,nex::Stream::Type,2
class,nex::PacketQueue,2
class,nex::ChainPolicyHistoryPacket,2
class,nex::SocketDriver::Socket,2
class,pia::nat::NatProperty,2
class,pia::common::StationAddress,2
class,pia::local::LocalMessage::MessageType,2
class,gfx::GpuAddress,2
class,gfx::detail::DeviceImpl,2
class,fs::FileArchivePack,2
class,anm::ResourceLabel,2
class,anm::ResourceList,2
class,anm::Mask,2
class,anm::MaskSet,2
class,gfx::impl::PrimitiveRendererImplNN::MeshBuffer,2
class,gfx::TextureFile,2
class,gfx::impl::PrimitiveRendererImplNN::InnerDrawCommand,2
class,gfx::ShaderStageBit,2
class,physics::CollisionData,2
class,physics::StaticActor,2
class,physics::DynamicActor,2
class,physics::FaceData,2
class,ui2d::LayoutWork,2
class,protobuf::OneofDescriptor,2
class,TypeHandler::Type,2
class,protobuf::MessageLite,2
class,protobuf::FieldDescriptor::CppType,2
class,protobuf::MapKey,2
class,protobuf::internal::RepeatedPtrFieldBase,2
class,pokepara::EvolveSituation,2
class,BTL_POKEPARAM::WAZADMG_REC,2
class,TrainerMessage::MessageID,2
class,ui::BtlvUiWork,2
class,CharaKit::Type,2
class,app::views::View_ImGuiWindow,2
class,nex::FindMatchmakeSessionByParticipantResult,2
class,nex::PersistentGathering,2
class,nex::DateTime,2
class,IGPUDevice::PipelineStateKey,2
class,SiStringTable::Entry,2
class,ISiIOBinaryArchive::ChunkHeader,2
class,ISiGfxShaderEffectPackage::ShaderEffectData,2
class,ISiGfxShaderEffectVariationList::ShaderVariationItem,2
class,ISiGfxImageLoader::LoadOption,2
class,vfx::viewer::detail::Guid,2
class,engine::TransformComponent,2
class,os::EventClearMode,2
class,ldn::UserConfig,2
class,ldn::SecurityParameter,2
class,account::Uid,1
class,mt::MultiWaitHandler::Holder,1
class,gfx::GfxManager,1
class,gfx::TSampler,1
class,gfx::CommandBuffer::RefreshType,1
class,gfx::GpuMemoryHandle,1
class,gfx::Texture::Descriptor,1
class,gfx::TTextureView,1
class,mem::AllocationInfo,1
class,framework::MemoryMonitor::NodeItem,1
class,mem::IMemoryManager,1
class,proc::BaseProcess,1
class,battle::Context,1
class,applet::swkbd::Config,1
class,hid::PadStyle,1
class,hid::NpadButton,1
class,hid::SixAxisType,1
class,app_framework::NetApplicationViewBase::AnimationTiming,1
class,component::Button,1
class,sound::WwiseSystem,1
class,PmSoundBank::LoadType,1
class,script::ScriptSystemManager,1
class,script::ScriptStandardObjectContainer,1
class,script::ScriptBuffer,1
class,script::ScriptBuffer::ManageType,1
class,script::ScriptCommandWork,1
class,ui::FieldMessageWindow::ContextMenuPosition,1
class,ScalableFont::FontType,1
class,ComplexFont::FontSizeType,1
class,WordSet::Grammer,1
class,sequence_editor::ISequenceCallback,1
class,common::TerrainChipBase,1
class,debug::DebugGroupBase,1
class,content::FieldEncountPokeParam,1
class,pokepara::InitialSpec,1
class,common::CameraParameter,1
class,content::EventJumpBattle::TrainerBattleParam,1
class,content::FieldEncountPokeSet,1
class,content::EventJumpBattle::RaidBattleParam,1
class,content::EventMapJump::Type,1
class,script::TempWorkID,1
class,debug::DebugGroupBeacon::FakeConnectionParam,1
class,content::FieldPlayerObject,1
class,content::FieldItemObject,1
class,content::FieldEmitterObject,1
class,personal::data::Identifier,1
class,personal::data::beacon::ChunkHeader::Key,1
class,personal::data::WideRoad,1
class,personal::data::Identifier::Key,1
class,personal::data::PlayerStatus::Key,1
class,personal::data::TrainerChat::Key,1
class,personal::data::WideRoad::Key,1
class,p2p::clone::SafelySettableElement,1
class,p2p::CommonData,1
class,ikuta::KwPlayer,1
class,launcher::EventType,1
class,launcher::LauncherView::Setup,1
class,muto::ChatLogData,1
class,network::session::view::DisconnectingNetworkView,1
class,network::connect::ConnectNetworkProc,1
class,network::pokemon_trade::StateDisconnectNetwork,1
class,component::Control,1
class,parts::GridCursorRange::ItemData,1
class,Layout::LayoutResourceData,1
class,ui::SandBoxUikitOptionBar::ItemData,1
class,component::ScrollPanelItemContainer,1
class,LFO::MultiChannel::PhaseParams,1
class,StreamMgr::CAkStmTask,1
class,StreamMgr::AkMemBlock,1
class,SoundEngine::MultiPositionType,1
class,profiler::PerformanceCounterGroup,1
class,font::DispStringBuffer::InitializeArg,1
class,font::ConstantBufferAdditionalContent,1
class,font::GpuBuffer::InitializeArg,1
class,font::TextureCache::InitializeArg,1
class,ui2d::ResBlendMode,1
class,ui2d::TexFilter,1
class,ui2d::AnimResource,1
class,gfx::GpuAccess,1
class,gfx::ResShaderVariation,1
class,ui2d::WindowFrameSize,1
class,ui2d::TexMap,1
class,ui2d::ResVec2,1
class,ui2d::ShaderVariation,1
class,ui2d::Size,1
class,vfx::detail::ResAnim8KeyParamSet,1
class,vfx::detail::StripeSystem::VertexAttribute,1
class,vfx::detail::StripeSystem::History,1
class,vfx::System,1
class,vfx::detail::ResStripeSuper,1
class,vfx::detail::SuperStripeSystem::History,1
class,vfx::EmitterSet,1
class,vfx::detail::ResFieldRandom,1
class,vfx::detail::ResAnimEmitterKeyParamSet,1
class,vfx::detail::ResRenderState,1
class,vfx::detail::ResStripeConnection,1
class,beacon::BeaconVersion::Key,1
class,account::NetworkServiceAccountId,1
class,account::UserHandle,1
class,p2p::MatchingBase::SessionFunc,1
class,nex::StringStream,1
class,nex::BandwidthCounter,1
class,nex::rapidjson::MemoryPoolAllocator,1
class,nex::ChecksumAlgorithm,1
class,nex::RootObject,1
class,nex::Scheduler::SchedulerWorkerThread,1
class,nex::SignatureBytes,1
class,nex::CriticalSection,1
class,nex::ValidateAndRequestTicketResult,1
class,nex::AuthenticationClient,1
class,nex::ServerProtocol,1
class,nex::Credentials,1
class,nex::ConnectionOrientedStream,1
class,pia::clone::IDataPacker,1
class,nex::NATTraversalResult,1
class,nex::MatchmakeParam,1
class,pia::common::TimeSpan,1
class,pia::nat::NatDetecter,1
class,pia::session::StationIdStatusTable::PrepareStatus,1
class,pia::session::IMatchmakeSession,1
class,pia::session::SessionSearchCriteria,1
class,pia::transport::PacketAnalysisData,1
class,pia::transport::RttProtocol,1
class,pia::transport::StationProtocol,1
class,pia::local::LocalNetworkDescription,1
class,pia::framework::InitializeInternetSetting,1
class,pia::Result,1
class,gfx::IndexFormat,1
class,gfx::detail::SamplerImpl,1
class,gfx::ShaderInterfaceType,1
class,gfx::detail::MemoryPoolImpl,1
class,anm::AnimationLayer,1
class,anm::AnimationPlayerPool,1
class,anm::AnimationResource,1
class,anm::fb::KeyData_Vector3,1
class,anm::fb::KeyData_Bool,1
class,anm::fb::Layer,1
class,anm::BlendTreeNode,1
class,anm::fb::KeyData_Float,1
class,anm::IKNode,1
class,anm::LookAtNode,1
class,anm::MaterialMaskSet,1
class,anm::fb::ShaderAnimationData,1
class,anm::SpringNode,1
class,anm::fb::Transition,1
class,anm::fb::VisibilityAnimationData,1
class,anm::fb::Blend1DResource,1
class,anm::Blend1DResource::Blend1DPoint,1
class,anm::fb::Condition,1
class,anm::ShaderBlendBuffer,1
class,engine::GameObject,1
class,communicator::LiveEditPort,1
class,gfx::DrawableObject,1
class,gfx::MaterialBuffer,1
class,gfx::RenderPath,1
class,gfx::TransformNodeData,1
class,gfx::TransparencyGroup,1
class,gfx::TDescriptorPool,1
class,gfx::impl::DrawableModel::MeshType,1
class,debugui::MessageBox::Button,1
class,hid::MouseState,1
class,ui2d::impl::LayoutSystem,1
class,ui2d::LayoutResource,1
class,movie::DirtyMovieSystem,1
class,movie::detail::MovieVideoInputHandler,1
class,gfx::Camera,1
class,vfx::PfxRenderPath,1
class,protobuf::SourceLocation,1
class,protobuf::EnumDescriptor,1
class,protobuf::MethodDescriptor,1
class,protobuf::FileDescriptor,1
class,protobuf::RepeatedField,1
class,protobuf::internal::ExtensionSet::Extension,1
class,protobuf::internal::ExtensionFinder,1
class,protobuf::internal::ExtensionInfo,1
class,protobuf::Arena::CreateMaybeMessage,1
class,protobuf::MapIterator,1
class,protobuf::Map,1
class,protobuf::strings::AlphaNum,1
class,protobuf::strings::internal::SubstituteArg,1
class,protobuf::TextFormat::Parser::ParserImpl,1
class,protobuf::UnknownFieldSet,1
class,protobuf::internal::WireFormatLite::Operation,1
class,text::MsgData::LoadType,1
class,personal::EvolutionTable,1
class,waza::ZenryokuWazaKind,1
class,pokepara::Sick,1
class,Section_Escape_Sub::Description,1
class,PosEffect::EffectParam,1
class,ExpCalculator::CalcExpContainer,1
class,AdapterCommandGenerator::SetupParam,1
class,battle::TypeAffinity::AffinityID,1
class,ActionRecorder::ActionID,1
class,personal::ParamID,1
class,wazadata::WazaDamageType,1
class,wazadata::WazaTarget,1
class,CharaDressupItemPackageUtility::PlayerResourceMemorySet,1
class,PokeAnmCfgKindDefine::Kind,1
class,anm::AnimationConfigFile,1
class,CharaAutomaticBlinkProcess::Descriptor,1
class,item::ItemData,1
class,ResourceManager::ResourceType,1
class,common::FieldEnvManager::TimeZoneData,1
class,common::PrairieObject::GRASS_DATA,1
class,pokepara::CoreParam,1
class,SiFixedHeapAllocator2::MemoryBlockHeader,1
class,ISiGfxImageSaver::SaveOption,1
class,SiGfxNXDrawContext::DirectBuffer,1
class,ISiGfxRootSignature::DESCRIPTOR_PARAMETER_TYPE,1
class,font::DispStringBuffer,1
class,font::DispStringBuffer::VertexBufferData,1
class,pia::common::AddrInfo,1
class,pia::nex::MonitoringDataSender,1
class,field_ui::chatlog::ChatLogData,1
class,hid::SixAxisSensorHandle,1
class,friends::InAppScreenName,1
class,os::ThreadType,1
class,time::PosixTime,1
